<?xml version="1.0" encoding="utf-8" ?>
<Defs>
    
	<ScenarioDef>
		<defName>ATR_CrashlandedAndroids</defName>
		<label>Crashlanding Androids</label>
		<description>You completed system reinitialization right before breaking atmosphere in what seems to be an escape pod. Memory banks for recent data are blank, and there are no files indicating recent purpose, directive, or history. You are intact - that will suffice for now.</description>
		<scenario>
			<summary>Three crashlanded android survivors - the classic RimWorld experience with a mechanical twist.</summary>
			<playerFaction>
				<def>PlayerFaction</def>
				<factionDef>ATR_PlayerAndroidFaction</factionDef>
			</playerFaction>
			<parts>
				<!-- Config pages -->
				<li Class="ScenPart_ConfigPage_ConfigureStartingPawns">
					<def>ConfigPage_ConfigureStartingPawns</def>
					<pawnCount>3</pawnCount>
				</li>
				<!-- Player starting stuff spawn method-->
				<li Class="ScenPart_PlayerPawnsArriveMethod">
					<def>PlayerPawnsArriveMethod</def>
					<method>DropPods</method>
					<visible>true</visible>
				</li>
				<li Class="ScenPart_StartingResearch">
					<def>StartingResearch</def>
					<project>ATR_MechanicalInsight</project>
				</li>
				<!-- Player starting things -->
				<li Class="ScenPart_StartingThing_Defined">
					<def>StartingThing_Defined</def>
					<thingDef>Steel</thingDef>
					<count>300</count>
				</li>
				<li Class="ScenPart_StartingThing_Defined">
					<def>StartingThing_Defined</def>
					<thingDef>ATR_RepairStimIntermediate</thingDef>
					<count>6</count>
				</li>
				<li Class="ScenPart_StartingThing_Defined">
					<def>StartingThing_Defined</def>
					<thingDef>ComponentIndustrial</thingDef>
					<count>20</count>
				</li>
                <li Class="ScenPart_StartingThing_Defined">
                    <def>StartingThing_Defined</def>
                    <thingDef>Gun_BoltActionRifle</thingDef>
                </li>
                <li Class="ScenPart_StartingThing_Defined">
                    <def>StartingThing_Defined</def>
                    <thingDef>Gun_Revolver</thingDef>
                </li>
                <li Class="ScenPart_StartingThing_Defined">
                    <def>StartingThing_Defined</def>
                    <thingDef>MeleeWeapon_Knife</thingDef>
                    <stuff>Plasteel</stuff>
                </li>
				<li Class="ScenPart_StartingThing_Defined">
					<def>StartingThing_Defined</def>
					<thingDef>ATR_PartPack</thingDef>
					<count>4</count>
				</li>
				<!-- Scatter some things near player start -->
				<li Class="ScenPart_ScatterThingsNearPlayerStart">
					<def>ScatterThingsNearPlayerStart</def>
					<thingDef>Steel</thingDef>
					<count>450</count>
				</li>
				<li Class="ScenPart_ScatterThingsNearPlayerStart">
					<def>ScatterThingsNearPlayerStart</def>
					<thingDef>Plasteel</thingDef>
					<count>180</count>
				</li>
				<li Class="ScenPart_ScatterThingsNearPlayerStart">
					<def>ScatterThingsNearPlayerStart</def>
					<thingDef>WoodLog</thingDef>
					<count>300</count>
				</li>
				<li Class="ScenPart_ScatterThingsNearPlayerStart">
					<def>ScatterThingsNearPlayerStart</def>
					<thingDef>Pemmican</thingDef>
					<count>120</count>
				</li>
				<!-- Scatter some things anywhere -->
				<li Class="ScenPart_ScatterThingsAnywhere">
					<def>ScatterThingsAnywhere</def>
					<thingDef>ShipChunk</thingDef>
					<count>5</count>
				</li>
				<li Class="ScenPart_ScatterThingsAnywhere">
					<def>ScatterThingsAnywhere</def>
					<thingDef>Steel</thingDef>
					<count>720</count>
				</li>
				<!-- Game start dialog -->
				<li Class="ScenPart_GameStartDialog">
					<def>GameStartDialog</def>
					<text>The crash site is marked by organic life and broken ship parts. A life-sustaining planet. Survival chance estimates are within acceptable bounds.</text>
					<closeSound>GameStartSting</closeSound>
				</li>
			</parts>
		</scenario>
	</ScenarioDef>

</Defs>