<?xml version="1.0" encoding="utf-8" ?>
<Defs>
	<AlienRace.RaceSettings>
		<defName>AndroidScenarioSettings</defName>
		<pawnKindSettings>
			<alienslavekinds>
				<li>
					<kindDefs>
						<li>ATR_T2Refugee</li>
					</kindDefs>
					<chance>10.0</chance>
				</li>
				<li>
					<kindDefs>
						<li>ATR_T3Refugee</li>
					</kindDefs>
					<chance>1.0</chance>
				</li>
			</alienslavekinds>
			<alienrefugeekinds>
				<li>
					<kindDefs>
						<li>ATR_T2Refugee</li>
					</kindDefs>
					<chance>10.0</chance>
				</li>
				<li>
					<kindDefs>
						<li>ATR_T3Refugee</li>
					</kindDefs>
					<chance>1.0</chance>
				</li>
			</alienrefugeekinds>
			<startingColonists>
				<li>
					<pawnKindEntries>
						<li>
							<kindDefs>
								<li>ATR_T2Refugee</li>
							</kindDefs>
							<chance>10.0</chance>
						</li>
						<li>
							<kindDefs>
								<li>ATR_T3Refugee</li>
							</kindDefs>
							<chance>1.0</chance>
						</li>
					</pawnKindEntries>
					<factionDefs>
						<li>PlayerColony</li>
					</factionDefs>
				</li>
			</startingColonists>
			<alienwandererkinds>
				<li>
					<pawnKindEntries>
						<li>
							<kindDefs>
								<li>ATR_T2Refugee</li>
							</kindDefs>
							<chance>1</chance>
						</li>
					</pawnKindEntries>
					<factionDefs>
						<li>PlayerColonyAndroid</li>
					</factionDefs>
				</li>
			</alienwandererkinds>
		</pawnKindSettings>

	</AlienRace.RaceSettings>

</Defs>