<?xml version="1.0" encoding="utf-8" ?>
<Defs>

    <!-- Mechanical Surgery Success Chance (Base) -->
	<StatDef>
		<defName>ATR_MechanicalSurgerySuccessChance</defName>
		<label>mechanical surgery success chance</label>
		<description>The base chance that a character will succeed when performing an operation on an android. The actual success chance is also affected by factors like facilities, room cleanliness, medicine used, the difficulty of the operation, and inspirations. No matter how high the success chance, there is always a small chance of failure on any operation.</description>
		<category>PawnWork</category>
		<defaultBaseValue>1.00</defaultBaseValue>
		<minValue>0.01</minValue>
		<toStringStyle>PercentZero</toStringStyle>
		<skillNeedFactors>
			<li Class="SkillNeed_Direct">
				<skill>Crafting</skill>
				<valuesPerLevel>
					<li>0.10</li>
					<li>0.20</li>
					<li>0.30</li>
					<li>0.40</li>
					<li>0.50</li>
					<li>0.60</li>
					<li>0.70</li>
					<li>0.75</li>
					<li>0.80</li>
					<li>0.85</li>
					<li>0.90</li>
					<li>0.92</li>
					<li>0.94</li>
					<li>0.96</li>
					<li>0.98</li>
					<li>1.00</li>
					<li>1.02</li>
					<li>1.04</li>
					<li>1.06</li>
					<li>1.08</li>
					<li>1.10</li>
				</valuesPerLevel>
			</li>
		</skillNeedFactors>
		<capacityFactors>
			<li>
				<capacity>Sight</capacity>
				<weight>0.4</weight>
				<max>1</max>
			</li>
			<li>
				<capacity>Manipulation</capacity>
				<weight>1</weight>
			</li>
		</capacityFactors>
		<scenarioRandomizable>true</scenarioRandomizable>
		<displayPriorityInCategory>4643</displayPriorityInCategory>
	</StatDef>

    <!-- Mechanical Surgery Operation Speed -->

    <StatDef>
        <defName>ATR_MechanicalOperationSpeed</defName>
        <label>mechanical operation speed</label>
        <description>The speed at which the character performs mechanical operations.</description>
        <category>PawnWork</category>
        <defaultBaseValue>1</defaultBaseValue>
        <minValue>0.1</minValue>
        <toStringStyle>PercentZero</toStringStyle>
        <skillNeedFactors>
            <li Class="SkillNeed_BaseBonus">
                <skill>Crafting</skill>
                <baseValue>0.4</baseValue>
                <bonusPerLevel>0.06</bonusPerLevel>
            </li>
        </skillNeedFactors>
        <capacityFactors>
            <li>
                <capacity>Sight</capacity>
                <weight>0.7</weight>
                <max>1</max>
            </li>
            <li>
                <capacity>Manipulation</capacity>
                <weight>1</weight>
            </li>
        </capacityFactors>
        <displayPriorityInCategory>4642</displayPriorityInCategory>
    </StatDef>

    <!-- Mechanical Tend Quality -->

    <StatDef>
        <defName>ATR_MechanicalTendQuality</defName>
        <label>mechanical tend quality</label>
        <description>The base quality of tending given when repairing integrity damage.\n\nThe actual tend quality will also be affected by factors like medicine used, facilities, luck, and so on.</description>
        <category>PawnWork</category>
        <defaultBaseValue>1</defaultBaseValue>
        <minValue>0</minValue>
        <toStringStyle>PercentZero</toStringStyle>
        <neverDisabled>true</neverDisabled> <!-- NPCs incapable of repairing can self-tend -->
        <skillNeedFactors>
            <li Class="SkillNeed_BaseBonus">
                <skill>Crafting</skill>
                <baseValue>0.20</baseValue>
                <bonusPerLevel>0.10</bonusPerLevel>
            </li>
        </skillNeedFactors>
        <capacityFactors>
            <li>
                <capacity>Sight</capacity>
                <weight>0.7</weight>
                <max>1.4</max>
            </li>
            <li>
                <capacity>Manipulation</capacity>
                <weight>1</weight>
                <max>1.4</max>
            </li>
        </capacityFactors>
        <postProcessCurve>
            <points>
                <li>(0, 0)</li>
                <li>(1.0, 1.0)</li>
                <li>(2.0, 1.5)</li>
                <li>(4.0, 2.0)</li>
            </points>
        </postProcessCurve>
        <displayPriorityInCategory>4641</displayPriorityInCategory>
    </StatDef>

    <!-- Mechanical tend speed -->

    <StatDef>
        <defName>ATR_MechanicalTendSpeed</defName>
        <label>mechanical tend speed</label>
        <description>Speed at which the character tends to integrity damage.</description>
        <category>PawnWork</category>
        <defaultBaseValue>1</defaultBaseValue>
        <minValue>0.1</minValue>
        <toStringStyle>PercentZero</toStringStyle>
        <neverDisabled>true</neverDisabled> <!-- NPCs incapable of repairing can self-tend -->
        <skillNeedFactors>
            <li Class="SkillNeed_BaseBonus">
                <skill>Crafting</skill>
                <baseValue>0.4</baseValue>
                <bonusPerLevel>0.06</bonusPerLevel>
            </li>
        </skillNeedFactors>
        <capacityFactors>
            <li>
                <capacity>Sight</capacity>
                <weight>0.8</weight>
                <max>1.3</max>
            </li>
            <li>
                <capacity>Manipulation</capacity>
                <weight>1</weight>
            </li>
        </capacityFactors>
        <scenarioRandomizable>true</scenarioRandomizable>
        <displayPriorityInCategory>4640</displayPriorityInCategory>
    </StatDef>

</Defs>