<?xml version="1.0" encoding="utf-8" ?>
<Defs>

    <!-- Mechanical Surgery Success Chance Factor -->

	<StatDef>
		<defName>ATR_MechanicalSurgerySuccessChanceFactor</defName>
		<label>mechanical surgery success chance factor</label>
		<description>A multiplier to the chance that a operation on a mechanical unit will succeed when performed here. Mechanical surgery success chances are also affected by many other factors, including the mechanic's ability.</description>
		<workerClass>StatWorker_SurgerySuccessChanceFactor</workerClass>
		<category>Building</category>
		<defaultBaseValue>1.00</defaultBaseValue>
		<minValue>0</minValue>
		<toStringStyle>PercentZero</toStringStyle>
		<parts>
			<li Class="StatPart_Glow">
				<factorFromGlowCurve>
					<points>
						<li>(0,0.75)</li>
						<li>(0.50,1.00)</li>
					</points>
				</factorFromGlowCurve>
				<ignoreIfIncapableOfSight>true</ignoreIfIncapableOfSight>
				<ignoreIfPrefersDarkness>true</ignoreIfPrefersDarkness>
			</li>
			<li Class="StatPart_Outdoors">
				<factorIndoors>1</factorIndoors>
				<factorOutdoors>0.85</factorOutdoors>
			</li>
			<li Class="StatPart_Quality">
				<factorAwful>0.90</factorAwful>
				<factorPoor>0.95</factorPoor>
				<factorNormal>1</factorNormal>
				<factorGood>1.05</factorGood>
				<factorExcellent>1.1</factorExcellent>
				<factorMasterwork>1.15</factorMasterwork>
				<factorLegendary>1.3</factorLegendary>
			</li>
		</parts>
		<displayPriorityInCategory>4099</displayPriorityInCategory>
	</StatDef>

    <!-- Mechanical Tend Quality Offset -->
  
    <StatDef>
        <defName>ATR_MechanicalTendQualityOffset</defName>
        <label>mechanical tend quality offset</label>
        <description>Mechanical tend quality is offset by this value.</description>
        <category>Building</category>
        <defaultBaseValue>0</defaultBaseValue>
        <minValue>0</minValue>
        <toStringStyle>PercentZero</toStringStyle>
        <hideAtValue>0</hideAtValue>
        <displayPriorityInCategory>2000</displayPriorityInCategory>
    </StatDef>
    
</Defs>