<?xml version="1.0" encoding="utf-8" ?>
<Defs>

    <!-- Maintenance Retention -->
    <StatDef>
        <defName>ATR_MaintenanceRetention</defName>
        <label>maintenance retention efficiency</label>
        <description>How well this mechanical unit retains its level of maintenance over time. This stat affects how quickly the pawn's maintenance need naturally falls, and is primarily affected by coolant filtration and pumping.</description>
        <category>BasicsPawn</category>
        <defaultBaseValue>1.0</defaultBaseValue>
        <toStringStyle>PercentZero</toStringStyle>
        <minValue>0.2</minValue>
        <maxValue>5</maxValue>
        <capacityFactors>
            <li>
                <capacity>BloodFiltration</capacity>
                <weight>0.5</weight>
            </li>
            <li>
                <capacity>BloodPumping</capacity>
                <weight>0.5</weight>
            </li>
        </capacityFactors>
        <parts>
            <li Class="StatPart_Food">
                <factorUrgentlyHungry>0.9</factorUrgentlyHungry>
                <factorStarving>0.7</factorStarving>
            </li>
            <li Class="StatPart_Resting">
                <factor>3</factor>
            </li>
        </parts>
    </StatDef>

</Defs>