<?xml version="1.0" encoding="utf-8" ?>
<Defs>

    <HediffDef Name="ATR_SkyMindHediffBase" Abstract="True">
        <hediffClass>HediffWithComps</hediffClass>
        <defaultLabelColor>(0.8, 0.8, 0.35)</defaultLabelColor>
        <initialSeverity>0.5</initialSeverity>
        <isBad>false</isBad>
    </HediffDef>

    <HediffDef ParentName="ATR_SkyMindHediffBase">
        <defName>ATR_SplitConsciousness</defName>
		<hediffClass>ATReforged.Hediff_SplitConsciousness</hediffClass>
        <label>Split consciousness</label>
        <description>The consciousness controlling this body is split, as it also controls other bodies. This effectively reduces the consciousness's ability to execute fine control over this body. More bodies means a steeper penalty.</description>
        <labelNoun>Split consciousness</labelNoun>
        <defaultLabelColor>(0.9, 0.0, 0.3)</defaultLabelColor>
        <initialSeverity>0.01</initialSeverity>
        <maxSeverity>1</maxSeverity>
        <stages>
            <li>
                <minSeverity>0.01</minSeverity>
                <label>Safe</label>
                <becomeVisible>false</becomeVisible>
            </li>
            <li>
                <minSeverity>0.2</minSeverity>
                <label>Trivial</label>
                <capMods>
                    <li>
                        <capacity>Consciousness</capacity>
                        <postFactor>0.9</postFactor>
                    </li>
                </capMods>
                <statFactors>
                    <GlobalLearningFactor>0.9</GlobalLearningFactor>
                </statFactors>
            </li>
            <li>
                <minSeverity>0.4</minSeverity>
                <label>Manageable</label>
                <capMods>
                    <li>
                        <capacity>Consciousness</capacity>
                        <postFactor>0.8</postFactor>
                    </li>
                </capMods>
                <statFactors>
                    <GlobalLearningFactor>0.8</GlobalLearningFactor>
                </statFactors>
            </li>
            <li>
                <minSeverity>0.6</minSeverity>
                <label>Difficult</label>
                <capMods>
                    <li>
                        <capacity>Consciousness</capacity>
                        <postFactor>0.7</postFactor>
                    </li>
                </capMods>
                <statFactors>
                    <GlobalLearningFactor>0.7</GlobalLearningFactor>
                </statFactors>
            </li>
            <li>
                <minSeverity>0.8</minSeverity>
                <label>Intense</label>
                <capMods>
                    <li>
                        <capacity>Consciousness</capacity>
                        <postFactor>0.6</postFactor>
                    </li>
                </capMods>
                <statFactors>
                    <GlobalLearningFactor>0.6</GlobalLearningFactor>
                </statFactors>
            </li>
            <li>
                <minSeverity>1</minSeverity>
                <label>Extreme</label>
                <capMods>
                    <li>
                        <capacity>Consciousness</capacity>
                        <postFactor>0.5</postFactor>
                    </li>
                </capMods>
                <statFactors>
                    <GlobalLearningFactor>0.5</GlobalLearningFactor>
                </statFactors>
            </li>
        </stages>
        <comps>
            <li Class="ATReforged.HediffCompProperties_TetheredMoteSustainer">
                <moteDef>ATR_SurrogateAttachedMote</moteDef>
                <scale>0.8</scale>
            </li>
        </comps>
    </HediffDef>

    <HediffDef ParentName="ATR_SkyMindHediffBase">
        <defName>ATR_ForeignConsciousness</defName>
		<hediffClass>ATReforged.Hediff_ForeignConsciousness</hediffClass>
        <label>Foreign consciousness</label>
        <description>The consciousness controlling this body belongs to another faction. The controller will disconnect upon it being downed, and will likely trigger a core self-destruct.</description>
        <labelNoun>a foreign consciousness</labelNoun>
        <defaultLabelColor>(0.9, 0.0, 0.3)</defaultLabelColor>
        <initialSeverity>0.01</initialSeverity>
        <maxSeverity>1</maxSeverity>
        <stages>
            <li>
                <becomeVisible>false</becomeVisible>
            </li>
        </stages>
        <comps>
            <li Class="ATReforged.HediffCompProperties_TetheredMoteSustainer">
                <moteDef>ATR_SurrogateAttachedMote</moteDef>
                <scale>0.8</scale>
            </li>
        </comps>
    </HediffDef>

    <HediffDef ParentName="ATR_SkyMindHediffBase">
        <defName>ATR_MindOperation</defName>
        <label>SkyMind operation in progress</label>
        <description>This unit is currently undergoing a SkyMind operation. In order to maintain the connection and integrity, the consciousness is not currently in control of this body.</description>
        <labelNoun>SkyMind operation</labelNoun>
        <defaultLabelColor>(0.8, 0.0, 0.45)</defaultLabelColor>
        <stages>
            <li>
                <capMods>
                    <li>
                        <capacity>Consciousness</capacity>
                        <setMax>0.1</setMax>
                    </li>
                </capMods>
            </li>
        </stages>
        <comps>
            <li Class="ATReforged.HediffCompProperties_TetheredMoteSustainer">
                <moteDef>ATR_MindOperationAttachedMote</moteDef>
                <scale>0.8</scale>
            </li>
        </comps>
    </HediffDef>

    <HediffDef ParentName="ATR_SkyMindHediffBase">
        <defName>ATR_NoController</defName>
        <label>No controller connected</label>
        <description>This surrogate has no controller and is therefore incapable of autonomous action.</description>
        <labelNoun>No host connected</labelNoun>
        <defaultLabelColor>(0.0, 0.7, 0.15)</defaultLabelColor>
        <stages>
            <li>
                <capMods>
                    <li>
                        <capacity>Consciousness</capacity>
                        <setMax>0.1</setMax>
                    </li>
                </capMods>
                <hungerRateFactor>0.2</hungerRateFactor>
            </li>
        </stages>
    </HediffDef>

</Defs>