<?xml version="1.0" encoding="utf-8" ?>
<Defs>
	
	<HediffDef>
		<defName>ATR_CoolantLoss</defName>
		<label>coolant loss</label>
		<description>Loss of coolant in the chassis, resulting in reduced cooling capacity and loss of finetuned motor control. Lack of circulation prevents restorative mechanites from functioning properly, leading to extended recovery times. \n\nPrioritization ensures core functionality receives sufficient coolant flow until critical levels are reached.</description>
		<maxSeverity>1.0</maxSeverity>
	    <defaultLabelColor>(0.6, 0.6, 0.9)</defaultLabelColor>
        <stages>
            <li>
                <label>nominal</label>
                <becomeVisible>false</becomeVisible>
            </li>
            <li>
                <minSeverity>0.15</minSeverity>
                <label>minor</label>
                <statOffsets>
                    <ComfyTemperatureMax>-5</ComfyTemperatureMax>
                </statOffsets>
            </li>
            <li>
                <minSeverity>0.3</minSeverity>
                <label>moderate</label>
                <statOffsets>
                    <ComfyTemperatureMax>-15</ComfyTemperatureMax>
					<InjuryHealingFactor>-0.2</InjuryHealingFactor>
                </statOffsets>
                <capMods>
                    <li>
                        <capacity>Moving</capacity>
                        <postFactor>0.8</postFactor>
                    </li>
                    <li>
                        <capacity>Manipulation</capacity>
                        <postFactor>0.8</postFactor>
                    </li>
                </capMods>
                <hungerRateFactor>1.2</hungerRateFactor>
            </li>
            <li>
                <minSeverity>0.45</minSeverity>
                <label>significant</label>
                <statOffsets>
                    <ComfyTemperatureMax>-30</ComfyTemperatureMax>
					<InjuryHealingFactor>-0.4</InjuryHealingFactor>
                </statOffsets>
                <capMods>
                    <li>
                        <capacity>Moving</capacity>
                        <postFactor>0.6</postFactor>
                    </li>
                    <li>
                        <capacity>Manipulation</capacity>
                        <postFactor>0.6</postFactor>
                    </li>
                </capMods>
                <hungerRateFactor>1.4</hungerRateFactor>
            </li>
            <li>
                <minSeverity>0.6</minSeverity>
                <label>threatening</label>
                <lifeThreatening>true</lifeThreatening>
                <statOffsets>
                    <ComfyTemperatureMax>-45</ComfyTemperatureMax>
					<InjuryHealingFactor>-0.6</InjuryHealingFactor>
                </statOffsets>
                <capMods>
                    <li>
                        <capacity>Moving</capacity>
                        <postFactor>0.4</postFactor>
                    </li>
                    <li>
                        <capacity>Manipulation</capacity>
                        <postFactor>0.4</postFactor>
                    </li>
                </capMods>
                <hungerRateFactor>1.6</hungerRateFactor>
            </li>
            <li>
                <minSeverity>0.75</minSeverity>
                <label>severe</label>
                <lifeThreatening>true</lifeThreatening>
                <statOffsets>
                    <ComfyTemperatureMax>-60</ComfyTemperatureMax>
					<InjuryHealingFactor>-0.75</InjuryHealingFactor>
                </statOffsets>
                <capMods>
                    <li>
                        <capacity>Consciousness</capacity>
                        <postFactor>0.8</postFactor>
                    </li>
                    <li>
                        <capacity>Moving</capacity>
                        <postFactor>0.2</postFactor>
                    </li>
                    <li>
                        <capacity>Manipulation</capacity>
                        <postFactor>0.2</postFactor>
                    </li>
                </capMods>
                <hungerRateFactor>1.8</hungerRateFactor>
            </li>
            <li>
                <minSeverity>0.9</minSeverity>
                <label>critical</label>
                <lifeThreatening>true</lifeThreatening>
                <statOffsets>
                    <ComfyTemperatureMax>-70</ComfyTemperatureMax>
					<InjuryHealingFactor>-0.9</InjuryHealingFactor>
                </statOffsets>
                <capMods>
                    <li>
                        <capacity>Consciousness</capacity>
                        <setMax>0.1</setMax>
                    </li>
                </capMods>
                <hungerRateFactor>2</hungerRateFactor>
            </li>
	    </stages>
	</HediffDef>

	<HediffDef>
		<defName>ATR_Overheating</defName>
		<label>overheating</label>
		<description>Unsafe levels of heat retention in the chassis. At minor levels, mechanical units can reduce some high power/heat functionality to offset the impact. At major levels, the unit will suffer from increasing system failures. If it surpasses a critical threshold, the core will shut down and the unit will die.</description>
		<lethalSeverity>1</lethalSeverity>
        <defaultLabelColor>(0.8, 0.8, 0.35)</defaultLabelColor>
        <stages>
            <li>
                <label>nominal</label>
                <becomeVisible>false</becomeVisible>
            </li>
            <li>
                <minSeverity>0.04</minSeverity>
                <label>minute</label>
                <capMods>
                    <li>
                        <capacity>Consciousness</capacity>
                        <postFactor>0.9</postFactor>
                    </li>
                </capMods>
                <hungerRateFactor>0.9</hungerRateFactor>
            </li>
            <li>
                <minSeverity>0.2</minSeverity>
                <label>minor</label>
                <capMods>
                    <li>
                        <capacity>Consciousness</capacity>
                        <postFactor>0.8</postFactor>
                    </li>
                    <li>
                        <capacity>Moving</capacity>
                        <offset>-0.1</offset>
                    </li>
                </capMods>
                <hungerRateFactor>0.8</hungerRateFactor>
            </li>
            <li>
                <minSeverity>0.35</minSeverity>
                <label>moderate</label>
                <capMods>
                    <li>
                        <capacity>Consciousness</capacity>
                        <postFactor>0.7</postFactor>
                    </li>
                    <li>
                        <capacity>Moving</capacity>
                        <offset>-0.3</offset>
                    </li>
                </capMods>
                <hungerRateFactor>0.9</hungerRateFactor>
            </li>
            <li>
                <minSeverity>0.55</minSeverity>
                <label>significant</label>
                <lifeThreatening>true</lifeThreatening>
                <capMods>
                    <li>
                        <capacity>Consciousness</capacity>
                        <postFactor>0.5</postFactor>
                    </li>
                    <li>
                        <capacity>Moving</capacity>
                        <offset>-0.3</offset>
                    </li>
                </capMods>
                <hungerRateFactor>1.2</hungerRateFactor>
            </li>
            <li>
                <minSeverity>0.7</minSeverity>
                <label>severe</label>
                <lifeThreatening>true</lifeThreatening>
                <capMods>
                    <li>
                        <capacity>Consciousness</capacity>
                        <setMax>0.1</setMax>
                    </li>
                </capMods>
                <hungerRateFactor>1.4</hungerRateFactor>
            </li>
	    </stages>
	</HediffDef>

    <HediffDef>
        <defName>ATR_MechanicalHypothermia</defName>
        <label>hypothermic reaction</label>
        <description>While mechanical parts do not suffer from frostbite like organic flesh does, cold is an existential threat to machinery. At critical levels, the unit must focus all heat generation to internal systems - effectively immobilizing it - and batteries drain at an alarming rate when chilled.</description>
        <defaultLabelColor>(0.8, 0.8, 1)</defaultLabelColor>
        <stages>
            <li>
                <label>insignificant</label>
                <becomeVisible>false</becomeVisible>
            </li>
            <li>
                <label>minor</label>
                <minSeverity>0.04</minSeverity>
                <hungerRateFactor>1.25</hungerRateFactor>
            </li>
            <li>
                <label>moderate</label>
                <minSeverity>0.2</minSeverity>
                <capMods>
                    <li>
                        <capacity>Consciousness</capacity>
                        <postFactor>0.9</postFactor>
                    </li>
                </capMods>
                <hungerRateFactor>1.5</hungerRateFactor>
            </li>
            <li>
                <label>significant</label>
                <minSeverity>0.35</minSeverity>
                <capMods>
                    <li>
                        <capacity>Consciousness</capacity>
                        <postFactor>0.75</postFactor>
                    </li>
                </capMods>
                <hungerRateFactor>1.75</hungerRateFactor>
            </li>
            <li>
                <label>threatening</label>
                <minSeverity>0.5</minSeverity>
                <capMods>
                    <li>
                        <capacity>Consciousness</capacity>
                        <postFactor>0.5</postFactor>
                    </li>
                </capMods>
                <hungerRateFactor>2.5</hungerRateFactor>
            </li>
            <li>
                <label>critical</label>
                <minSeverity>0.75</minSeverity>
                <capMods>
                    <li>
                        <capacity>Consciousness</capacity>
                        <setMax>0.1</setMax>
                    </li>
                </capMods>
                <hungerRateFactor>4</hungerRateFactor>
            </li>
        </stages>
    </HediffDef>

</Defs>