<?xml version="1.0" encoding="utf-8" ?>
<Defs>

    <ThoughtDef>
        <defName>ATR_ChronicAnnoyance</defName>
        <workerClass>ATReforged.ThoughtWorker_ChronicAnnoyance</workerClass>
        <stages>
            <li>
                <label>defective part</label>
                <description>One of my parts is suffering from an extended inefficiency. How inconvenient.</description>
                <baseMoodEffect>-2</baseMoodEffect>
            </li>
            <li>
                <label>two defective parts</label>
                <description>Two of my parts are suffering from extended inefficiencies. How annoying.</description>
                <baseMoodEffect>-4</baseMoodEffect>
            </li>
            <li>
                <label>three defective parts</label>
                <description>Three of my parts are suffering from extended inefficiencies. This is absurd.</description>
                <baseMoodEffect>-5</baseMoodEffect>
            </li>
            <li>
                <label>many defective parts</label>
                <description>A vast number of my parts are dysfunctional! This is ridiculous - I need repairs!</description>
                <baseMoodEffect>-6</baseMoodEffect>
            </li>
        </stages>
	    <validWhileDespawned>true</validWhileDespawned>
    </ThoughtDef>

    <ThoughtDef>
        <defName>ATR_RustedPart</defName>
        <workerClass>ATReforged.ThoughtWorker_RustedPart</workerClass>
        <stages>
            <li>
                <label>rusted part</label>
                <description>There is rust on my chassis. This is humiliating and denigrating.</description>
                <baseMoodEffect>-4</baseMoodEffect>
            </li>
        </stages>
	    <validWhileDespawned>true</validWhileDespawned>
    </ThoughtDef>

    <ThoughtDef>
        <defName>ATR_OverclockedThought</defName>
		<workerClass>ThoughtWorker_Hediff</workerClass>
		<hediff>ATR_MechanicalOverclocking</hediff>
        <stages>
            <li>
                <label>overclocked</label>
                <description>My processor is running at an abnormally high clockrate. I can sense the strain on my hardware.</description>
                <baseMoodEffect>-3</baseMoodEffect>
            </li>
        </stages>
	    <validWhileDespawned>true</validWhileDespawned>
    </ThoughtDef>

 </Defs>