<?xml version="1.0" encoding="utf-8" ?>
<Defs>

    <QuestScriptDef>
        <defName>ATR_OpportunitySite_WitnessArrival</defName>
        <rootSelectionWeight>0.5</rootSelectionWeight>
        <rootMinPoints>1200</rootMinPoints>
        <rootIncreasesPopulation>true</rootIncreasesPopulation>
        <autoAccept>true</autoAccept>
        <minRefireDays>120</minRefireDays>
        <questNameRules>
            <rulesStrings>
                <li>questName->Ominous Meteorite</li>
            </rulesStrings>
        </questNameRules>
        <questDescriptionRules>
            <rulesStrings>
      		    <li>questDescription->With a screetching roar, a fiery ball hurtles through the sky. The very air seems to quake. It did not seem to come from space. Eventually, it lands beyond the horizon - and yet somehow its exact landing spot is known to you. A person's name is known to you, and you sense something is off about them, but how could you know this?
                \nInexplicably, you sense that [allSitePartsDescriptionsExceptFirst]</li>
            </rulesStrings>
        </questDescriptionRules>
        <root Class="QuestNode_Sequence">
            <nodes>
                <li Class="QuestNode_SubScript">
                    <def>Util_RandomizePointsChallengeRating</def>
                    <parms>
                        <pointsFactorTwoStar>1.5</pointsFactorTwoStar>
                        <pointsFactorThreeStar>2</pointsFactorThreeStar>
                    </parms>
                </li>
                <li Class="QuestNode_SubScript">
                    <def>Util_GetDefaultRewardValueFromPoints</def>
                </li>
                <li Class="QuestNode_SubScript">
                    <def>Util_AdjustPointsForDistantFight</def>
                </li>
                <li Class="QuestNode_GetMap" />

                <li Class="QuestNode_GetSiteTile">
                    <storeAs>siteTile</storeAs>
                    <preferCloserTiles>true</preferCloserTiles>
                </li>

                <li Class="QuestNode_ViolentQuestsAllowed">
                    <node Class="QuestNode_Set">
                        <name>siteThreatChance</name>
                        <value>0.7</value>
                    </node>
                    <elseNode Class="QuestNode_Set">
                        <name>siteThreatChance</name>
                        <value>0</value>
                    </elseNode>
                </li>

                <li Class="QuestNode_GetSitePartDefsByTagsAndFaction">
                    <storeAs>sitePartDefs</storeAs>
                    <storeFactionAs>siteFaction</storeFactionAs>
                    <sitePartsTags>
                        <li>
                            <tag>ATR_WitnessArrival</tag>
                        </li>
                        <li>
                            <tag>DownedRefugeeQuestThreat</tag>
                            <chance>$siteThreatChance</chance>
                        </li>
                    </sitePartsTags>
                </li>

                <li Class="QuestNode_GetDefaultSitePartsParams">
                    <tile>$siteTile</tile>
                    <faction>$siteFaction</faction>
                    <sitePartDefs>$sitePartDefs</sitePartDefs>
                    <storeSitePartsParamsAs>sitePartsParams</storeSitePartsParamsAs>
                </li>

                <li Class="QuestNode_SubScript">
                    <def>Util_GenerateSite</def>
                    <parms>
                        <hiddenSitePartsPossible>true</hiddenSitePartsPossible>
                    </parms>
                </li>

                <li Class="QuestNode_SpawnWorldObjects">
                    <worldObjects>$site</worldObjects>
                </li>

                <li Class="QuestNode_WorldObjectTimeout">
                    <worldObject>$site</worldObject>
                    <isQuestTimeout>true</isQuestTimeout>
                    <delayTicks>$(randInt(25,35)*60000)</delayTicks>
                    <inSignalDisable>site.MapGenerated</inSignalDisable>
                    <node Class="QuestNode_Sequence">
                        <nodes>
                            <li Class="QuestNode_Letter">
                                <label TKey="LetterLabelQuestExpired">Quest expired: [resolvedQuestName]</label>
                                <text TKey="LetterTextQuestExpired">The mysterious force beckoning you to the crashsite of the ominous meterorite has suddenly ceased. The quest [resolvedQuestName] has expired.</text>
                            </li>
                            <li Class="QuestNode_End">
                                <outcome>Fail</outcome>
                            </li>
                        </nodes>
                    </node>
                </li>

                <li Class="QuestNode_AddPawnReward">
                    <pawn>$witness</pawn>
                    <inSignalChoiceUsed>site.MapGenerated</inSignalChoiceUsed>
                    <rewardDetailsHidden>true</rewardDetailsHidden>
                </li>

                <li Class="QuestNode_NoWorldObject">
                    <worldObject>$site</worldObject>
                    <node Class="QuestNode_End" />
                </li>
            </nodes>
        </root>
    </QuestScriptDef>

</Defs>