<?xml version="1.0" encoding="utf-8" ?>
<Defs>

    <PawnKindDef Name="ATR_AndroidCollectivePawnKindBase" ParentName="BasePlayerPawnKind" Abstract="True">
		<backstoryFiltersOverride>
            <li>
                <categories>
                    <li>ATR_GeneralAndroids</li>
                </categories>
            </li>
		</backstoryFiltersOverride>
        <invFoodDef>MealSurvivalPack</invFoodDef>
		<chemicalAddictionChance>0.00</chemicalAddictionChance>
		<backstoryCryptosleepCommonality>0</backstoryCryptosleepCommonality>
    </PawnKindDef>

	<PawnKindDef ParentName="ATR_AndroidCollectivePawnKindBase">
		<defName>AndroidT3CollectiveColonist</defName>
		<label>T3 Android Citizen</label>
		<race>Tier3Android</race>
        <invNutrition>2.55</invNutrition>
		<combatPower>60</combatPower>
		<isFighter>false</isFighter>
		<minGenerationAge>20</minGenerationAge>
		<defaultFactionType>AndroidUnion</defaultFactionType>
		<gearHealthRange>
			<min>1</min>
			<max>1</max>
		</gearHealthRange>
		<itemQuality>Good</itemQuality>
		<weaponTags>
			<li>Gun</li>
		</weaponTags>
		<weaponMoney>
			<min>200</min>
			<max>800</max>
		</weaponMoney>
		<apparelMoney>
			<min>400</min>
			<max>1200</max>
		</apparelMoney>
		<apparelTags>
			<li>IndustrialMilitaryBasic</li>
			<li>IndustrialMilitaryAdvanced</li>
			<li>BeltDefensePop</li>
			<li>Outlander</li>
		</apparelTags>
		<techHediffsChance>0.15</techHediffsChance>
		<techHediffsMoney>
			<min>600</min>
			<max>1500</max>
		</techHediffsMoney>
		<techHediffsTags>
			<li>Poor</li>
			<li>Simple</li>
			<li>Advanced</li>
		</techHediffsTags>
		<initialResistanceRange>13~21</initialResistanceRange>
		<initialWillRange>0~0</initialWillRange>
	</PawnKindDef>


	<PawnKindDef ParentName="ATR_AndroidCollectivePawnKindBase">
		<defName>AndroidT1CollectiveColonist</defName>
		<label>T1 Android Citizen</label>
		<race>Tier1Android</race>
        <invNutrition>3.85</invNutrition>
		<combatPower>40</combatPower>
		<isFighter>false</isFighter>
		<minGenerationAge>20</minGenerationAge>
		<defaultFactionType>AndroidUnion</defaultFactionType>
		<gearHealthRange>
			<min>1</min>
			<max>1</max>
		</gearHealthRange>
		<itemQuality>Normal</itemQuality>
		<weaponTags>
			<li>Gun</li>
		</weaponTags>
		<weaponMoney>
			<min>200</min>
			<max>400</max>
		</weaponMoney>
		<apparelMoney>
			<min>400</min>
			<max>1200</max>
		</apparelMoney>
		<apparelTags>
            <li>IndustrialBasic</li>
			<li>IndustrialMilitaryBasic</li>
			<li>IndustrialMilitaryAdvanced</li>
			<li>BeltDefensePop</li>
			<li>Outlander</li>
		</apparelTags>
		<techHediffsChance>0.15</techHediffsChance>
		<techHediffsMoney>
			<min>600</min>
			<max>1500</max>
		</techHediffsMoney>
		<techHediffsTags>
			<li>Poor</li>
			<li>Simple</li>
			<li>Advanced</li>
		</techHediffsTags>
		<initialResistanceRange>13~21</initialResistanceRange>
		<initialWillRange>0~0</initialWillRange>
	</PawnKindDef>

	<PawnKindDef ParentName="ATR_AndroidCollectivePawnKindBase">
		<defName>AndroidT2CollectiveTrader</defName>
		<label>T2 Android Trader</label>
		<race>Tier2Android</race>
        <invNutrition>3.25</invNutrition>
		<trader>true</trader>
		<combatPower>40</combatPower>
		<isFighter>false</isFighter>
		<defaultFactionType>AndroidUnion</defaultFactionType>
		<gearHealthRange>
			<min>1</min>
			<max>1</max>
		</gearHealthRange>
		<itemQuality>Normal</itemQuality>
		<weaponTags>
			<li>Gun</li>
		</weaponTags>
		<weaponMoney>
			<min>200</min>
			<max>200</max>
		</weaponMoney>
		<apparelMoney>
			<min>400</min>
			<max>600</max>
		</apparelMoney>
		<apparelTags>
			<li>IndustrialBasic</li>
			<li>IndustrialMilitaryBasic</li>
			<li>IndustrialMilitaryAdvanced</li>
			<li>BeltDefensePop</li>
			<li>Outlander</li>
		</apparelTags>
		<techHediffsChance>0.15</techHediffsChance>
		<techHediffsMoney>
			<min>600</min>
			<max>1500</max>
		</techHediffsMoney>
		<techHediffsTags>
			<li>Poor</li>
			<li>Simple</li>
			<li>Advanced</li>
		</techHediffsTags>
		<initialResistanceRange>13~21</initialResistanceRange>
		<initialWillRange>0~0</initialWillRange>
	</PawnKindDef>

	<PawnKindDef ParentName="ATR_AndroidCollectivePawnKindBase">
		<defName>AndroidT1CollectiveSoldier</defName>
		<label>T1 Android Soldier</label>
		<labelPlural>Android Soldiers</labelPlural>
		<race>Tier1Android</race>
        <invNutrition>3.85</invNutrition>
		<combatPower>60</combatPower>
		<minGenerationAge>20</minGenerationAge>
		<defaultFactionType>AndroidUnion</defaultFactionType>
		<aiAvoidCover>true</aiAvoidCover>
		<gearHealthRange>
			<min>0.5</min>
			<max>1.4</max>
		</gearHealthRange>
		<apparelTags>
			<li>IndustrialBasic</li>
			<li>IndustrialMilitaryBasic</li>
			<li>Outlander</li>
		</apparelTags>
		<apparelMoney>
			<min>100</min>
			<max>750</max>
		</apparelMoney>
		<apparelAllowHeadgearChance>0.5</apparelAllowHeadgearChance>
		<weaponMoney>
			<min>800</min>
			<max>1400</max>
		</weaponMoney>
		<weaponTags>
			<li>Gun</li>
		</weaponTags>
		<techHediffsMoney>
			<min>1000</min>
			<max>2000</max>
		</techHediffsMoney>
		<combatEnhancingDrugsCount>
			<min>0</min>
			<max>2</max>
		</combatEnhancingDrugsCount>
		<techHediffsTags>
			<li>Advanced</li>
		</techHediffsTags>
		<techHediffsChance>0.08</techHediffsChance>
		<initialResistanceRange>13~21</initialResistanceRange>
		<initialWillRange>0~0</initialWillRange>
	</PawnKindDef>

	<PawnKindDef ParentName="ATR_AndroidCollectivePawnKindBase">
		<defName>AndroidT2CollectiveSoldier</defName>
		<label>T2 Android Soldier</label>
		<labelPlural>Android Soldiers</labelPlural>
		<race>Tier2Android</race>
        <invNutrition>3.25</invNutrition>
		<combatPower>80</combatPower>
		<minGenerationAge>20</minGenerationAge>
		<defaultFactionType>AndroidUnion</defaultFactionType>
		<aiAvoidCover>false</aiAvoidCover>
		<gearHealthRange>
			<min>0.5</min>
			<max>1.4</max>
		</gearHealthRange>
		<apparelTags>
			<li>IndustrialBasic</li>
			<li>IndustrialMilitaryBasic</li>
			<li>Outlander</li>
		</apparelTags>
		<apparelMoney>
			<min>200</min>
			<max>850</max>
		</apparelMoney>
		<apparelAllowHeadgearChance>0.6</apparelAllowHeadgearChance>
		<weaponMoney>
			<min>1600</min>
			<max>2000</max>
		</weaponMoney>
		<weaponTags>
			<li>Gun</li>
		</weaponTags>
		<techHediffsMoney>
			<min>2000</min>
			<max>3000</max>
		</techHediffsMoney>
		<combatEnhancingDrugsCount>
			<min>0</min>
			<max>2</max>
		</combatEnhancingDrugsCount>
		<techHediffsTags>
			<li>Advanced</li>
		</techHediffsTags>
		<techHediffsChance>0.08</techHediffsChance>
		<initialResistanceRange>13~21</initialResistanceRange>
		<initialWillRange>0~0</initialWillRange>
	</PawnKindDef>

	<PawnKindDef ParentName="ATR_AndroidCollectivePawnKindBase">
		<defName>AndroidT3CollectiveSoldier</defName>
		<label>T3 Android Soldier</label>
		<labelPlural>Android Soldiers</labelPlural>
		<race>Tier3Android</race>
        <invNutrition>2.55</invNutrition>
		<combatPower>140</combatPower>
		<minGenerationAge>20</minGenerationAge>
		<defaultFactionType>AndroidUnion</defaultFactionType>
		<aiAvoidCover>false</aiAvoidCover>
		<gearHealthRange>
			<min>0.5</min>
			<max>1.4</max>
		</gearHealthRange>
		<apparelTags>
			<li>IndustrialBasic</li>
			<li>IndustrialMilitaryAdvanced</li>
			<li>SpacerMilitary</li>
			<li>Outlander</li>
		</apparelTags>
		<apparelMoney>
			<min>200</min>
			<max>2550</max>
		</apparelMoney>
		<apparelAllowHeadgearChance>0.5</apparelAllowHeadgearChance>
		<weaponMoney>
			<min>1600</min>
			<max>2000</max>
		</weaponMoney>
		<weaponTags>
			<li>IndustrialGunAdvanced</li>
		</weaponTags>
		<techHediffsMoney>
			<min>2000</min>
			<max>3000</max>
		</techHediffsMoney>
		<combatEnhancingDrugsCount>
			<min>0</min>
			<max>2</max>
		</combatEnhancingDrugsCount>
		<techHediffsTags>
			<li>Advanced</li>
		</techHediffsTags>
		<techHediffsChance>0.1</techHediffsChance>
		<initialResistanceRange>13~21</initialResistanceRange>
		<initialWillRange>0~0</initialWillRange>
	</PawnKindDef>

	<PawnKindDef ParentName="ATR_AndroidCollectivePawnKindBase">
		<defName>AndroidT4CollectiveSoldier</defName>
		<label>T4 Android Soldier</label>
		<labelPlural>Android Soldiers</labelPlural>
		<race>Tier4Android</race>
        <invNutrition>2.55</invNutrition>
		<combatPower>180</combatPower>
		<minGenerationAge>20</minGenerationAge>
		<defaultFactionType>AndroidUnion</defaultFactionType>
		<aiAvoidCover>false</aiAvoidCover>
		<gearHealthRange>
			<min>0.5</min>
			<max>1.4</max>
		</gearHealthRange>
		<apparelTags>
			<li>IndustrialBasic</li>
			<li>IndustrialMilitaryAdvanced</li>
			<li>SpacerMilitary</li>
			<li>Outlander</li>
		</apparelTags>
		<apparelMoney>
			<min>200</min>
			<max>3550</max>
		</apparelMoney>
		<apparelAllowHeadgearChance>0.8</apparelAllowHeadgearChance>
		<weaponMoney>
			<min>1600</min>
			<max>2000</max>
		</weaponMoney>
		<weaponTags>
			<li>SpacerGun</li>
		</weaponTags>
		<techHediffsMoney>
			<min>2000</min>
			<max>3000</max>
		</techHediffsMoney>
		<combatEnhancingDrugsCount>
			<min>0</min>
			<max>2</max>
		</combatEnhancingDrugsCount>
		<techHediffsTags>
			<li>Advanced</li>
		</techHediffsTags>
		<techHediffsChance>0.25</techHediffsChance>
		<initialResistanceRange>13~21</initialResistanceRange>
		<initialWillRange>0~0</initialWillRange>
	</PawnKindDef>

	<PawnKindDef ParentName="ATR_AndroidCollectivePawnKindBase">
		<defName>AndroidT4CollectiveLeader</defName>
		<label>Android leader</label>
		<labelPlural>Android leaders</labelPlural>
		<race>Tier4Android</race>
        <invNutrition>2.55</invNutrition>
		<combatPower>220</combatPower>
		<factionLeader>true</factionLeader>
		<minGenerationAge>20</minGenerationAge>
		<defaultFactionType>AndroidUnion</defaultFactionType>
		<aiAvoidCover>false</aiAvoidCover>
		<gearHealthRange>
			<min>0.8</min>
			<max>1.4</max>
		</gearHealthRange>
		<techHediffsMoney>
			<min>2000</min>
			<max>3000</max>
		</techHediffsMoney>
		<combatEnhancingDrugsCount>
			<min>0</min>
			<max>2</max>
		</combatEnhancingDrugsCount>
		<techHediffsTags>
			<li>Advanced</li>
		</techHediffsTags>
		<techHediffsChance>0.95</techHediffsChance>
		<itemQuality>Good</itemQuality>
		<weaponMoney>
			<min>1600</min>
			<max>2600</max>
		</weaponMoney>
		<weaponTags>
			<li>SpacerGun</li>
		</weaponTags>
		<apparelRequired>
			<li>Apparel_CollarShirt</li>
			<li>Apparel_Pants</li>
			<li>Apparel_PowerArmor</li>
			<li>Apparel_PowerArmorHelmet</li>
		</apparelRequired>
		<apparelColor>(60,60,60)</apparelColor>
		<initialResistanceRange>13~21</initialResistanceRange>
		<initialWillRange>0~0</initialWillRange>
	</PawnKindDef>
</Defs>