﻿<?xml version="1.0" encoding="utf-8" ?>
<Defs>

    <SoundDef>
      <defName>ATR_FractalCall</defName>
      <context>MapOnly</context>
      <eventNames />
      <subSounds>
        <li>
          <grains>
            <li Class="AudioGrain_Folder">
              <clipFolderPath>Fractal/ATR_FractalCall</clipFolderPath>
            </li>
          </grains>
          <volumeRange>
            <min>30</min>
            <max>50</max>
          </volumeRange>
          <pitchRange>
            <min>0.75</min>
            <max>1</max>
          </pitchRange>
          <distRange>
            <min>0</min>
            <max>60</max>
          </distRange>
        </li>
      </subSounds>
    </SoundDef>

    <SoundDef>
      <defName>ATR_FractalDeath</defName>
      <context>MapOnly</context>
      <eventNames />
      <subSounds>
        <li>
          <grains>
            <li Class="AudioGrain_Folder">
              <clipFolderPath>Fractal/ATR_FractalDeath</clipFolderPath>
            </li>
          </grains>
          <volumeRange>
            <min>25</min>
            <max>55</max>
          </volumeRange>
          <pitchRange>
            <min>0.95</min>
            <max>1.1</max>
          </pitchRange>
          <distRange>
            <min>0</min>
            <max>70</max>
          </distRange>
        </li>
      </subSounds>
    </SoundDef>

    <SoundDef>
      <defName>ATR_FractalPain</defName>
      <context>MapOnly</context>
      <eventNames />
      <subSounds>
        <li>
          <grains>
            <li Class="AudioGrain_Folder">
              <clipFolderPath>Fractal/ATR_FractalPain</clipFolderPath>
            </li>
          </grains>
          <volumeRange>
            <min>10</min>
            <max>30</max>
          </volumeRange>
          <pitchRange>
            <min>0.85</min>
            <max>1.05</max>
          </pitchRange>
          <distRange>
            <min>0</min>
            <max>50</max>
          </distRange>
        </li>
      </subSounds>
    </SoundDef>

</Defs>
