{
  "UseCustomDifficulty": false,
  "ThreatScale": 0.0,
  "AllowBigThreats": false,
  "AllowViolentQuests": false,
  "AllowIntroThreats": false,
  "PredatorsHuntHumanlikes": false,
  "AllowExtremeWeatherIncidents": false,
  "CropYieldFactor": 0.0,
  "MineYieldFactor": 0.0,
  "ButcherYieldFactor": 0.0,
  "ResearchSpeedFactor": 0.0,
  "QuestRewardValueFactor": 0.0,
  "RaidLootPointsFactor": 0.0,
  "TradePriceFactorLoss": 0.0,
  "MaintenanceCostFactor": 0.0,
  "ScariaRotChance": 0.0,
  "EnemyDeathOnDownedChanceFactor": 0.0,
  "ColonistMoodOffset": 0.0,
  "FoodPoisonChanceFactor": 0.0,
  "ManhunterChanceOnDamageFactor": 0.0,
  "PlayerPawnInfectionChanceFactor": 0.0,
  "DiseaseIntervalFactor": 0.0,
  "DeepDrillInfestationChanceFactor": 0.0,
  "FriendlyFireChanceFactor": 0.0,
  "AllowInstantKillChance": 0.0,
  "AllowTraps": false,
  "AllowTurrets": false,
  "AllowMortars": false,
  "AdaptationEffectFactor": 0.0,
  "AdaptationGrowthRateFactorOverZero": 0.0,
  "FixedWealthMode": false,
  "LowPopConversionBoost": 0.0,
  "NoBabiesOrChildren": false,
  "BabiesAreHealthy": false,
  "ChildRaidersAllowed": false,
  "ChildAgingRate": 0.0,
  "AdultAgingRate": 0.0,
  "WastepackInfestationChanceFactor": 0.0
}