{
  "PersonalFarmlandCost": "1",
  "FactionFarmlandCost": "",
  "FarmlandRewardCount": "10",
  "PersonalQuarryCost": "",
  "FactionQuarryCost": "",
  "QuarryRewardCount": "10",
  "PersonalSawmillCost": "",
  "FactionSawmillCost": "",
  "SawmillRewardCount": "10",
  "PersonalBankCost": "",
  "FactionBankCost": "",
  "BankRewardCount": "10",
  "PersonalLaboratoryCost": "",
  "FactionLaboratoryCost": "",
  "LaboratoryRewardCount": "10",
  "PersonalRefineryCost": "",
  "FactionRefineryCost": "",
  "RefineryRewardCount": "10",
  "PersonalHerbalWorkshopCost": "",
  "FactionHerbalWorkshopCost": "",
  "HerbalWorkshopRewardCount": "10",
  "PersonalTextileFactoryCost": "",
  "FactionTextileFactoryCost": "",
  "TextileFactoryRewardCount": "10",
  "PersonalFoodProcessorCost": "",
  "FactionFoodProcessorCost": "",
  "FoodProcessorRewardCount": "10"
}