{
  "SeedString": "MES GROSSES COUILLES DE ROBOT DURES",
  "PlanetCoverage": 0.3,
  "Rainfall": 3.0,
  "Temperature": 3.0,
  "Population": 3.0,
  "Pollution": 0.0,
  "Factions": [
    "ATR_MechanicalMarauders",
    "ATR_AndroidUnion",
    "OutlanderCivil",
    "OutlanderRough",
    "TribeCivil",
    "TribeRough",
    "TribeSavage",
    "Pirate",
    "Mechanoid",
    "Insect",
    "Ancients",
    "AncientsHostile",
    "RTNeutral",
    "RTAlly",
    "RTEnemy",
    "RTFaction"
  ]
}