﻿<?xml version="1.0" encoding="utf-8" ?>
<Defs>

    <JobDef>
		<defName>RechargeBattery</defName>
		<driverClass>ATReforged.JobDriver_GoReloadBattery</driverClass>
		<reportString>Recharging battery.</reportString>
        <allowOpportunisticPrefix>true</allowOpportunisticPrefix>
    </JobDef>

    <JobDef>
        <defName>ResurrectMechanical</defName>
        <driverClass>ATReforged.JobDriver_ResurrectMechanical</driverClass>
        <reportString>repairing TargetA.</reportString>
        <allowOpportunisticPrefix>true</allowOpportunisticPrefix>
    </JobDef>

    <JobDef>
        <defName>TendMechanical</defName>
        <driverClass>ATReforged.JobDriver_TendMechanical</driverClass>
        <reportString>tending to TargetA.</reportString>
        <casualInterruptible>false</casualInterruptible>
    </JobDef>
    
</Defs>