﻿<?xml version="1.0" encoding="utf-8" ?>

<Defs>
  <FleshTypeDef>
    <defName>AndroidTier</defName>
    <corpseCategory>CorpsesMechanoid</corpseCategory>
    <damageEffecter>Damage_HitMechanoid</damageEffecter>
    <genericWounds>
      <li>
        <texture>Things/Wounds/WoundAndroidA</texture>
      </li>
      <li>
        <texture>Things/Wounds/WoundAndroidB</texture>
      </li>
      <li>
        <texture>Things/Wounds/WoundAndroidC</texture>
      </li>
      <li>
        <texture>Things/Pawn/Wounds/WoundMechA</texture>
      </li>
      <li>
        <texture>Things/Pawn/Wounds/WoundMechB</texture>
      </li>
      <li>
        <texture>Things/Pawn/Wounds/WoundMechC</texture>
      </li>
    </genericWounds>
  </FleshTypeDef>

</Defs>
