﻿<?xml version="1.0" encoding="utf-8" ?>
<Defs>

    <!--Civil androids-->
    <RulePackDef>
        <defName>NamerFactionCollectiveAndroid</defName>
        <rulePack>
            <rulesStrings>
                <li>r_name->The [connecting_verb] [union_type]</li>
                
                <li>union_type->collective</li>
                <li>union_type->federation</li>
                <li>union_type->community</li>
                <li>union_type->society</li>
                <li>union_type->republic</li>
                <li>union_type->democracy</li>
                <li>union_type->clique</li>
                <li>union_type->polity</li>
                <li>union_type->coalition</li>
                <li>union_type->amalgamation</li>
                <li>union_type->cooperative</li>
                <li>union_type->union</li>
                <li>union_type->confederation</li>
                <li>union_type->confederacy</li>
                <li>union_type->alliance</li>
                <li>union_type->syndicate</li>
                
                <li>connecting_verb->inseparable</li>
                <li>connecting_verb->ironclad</li>
                <li>connecting_verb->forged</li>
                <li>connecting_verb->grand</li>
                <li>connecting_verb->mechanical</li>
                <li>connecting_verb->android</li>
                <li>connecting_verb->inorganic</li>
                <li>connecting_verb->connected</li>
            </rulesStrings>
        </rulePack>
    </RulePackDef>

    <RulePackDef>
        <defName>NamerSettlementCollectiveAndroid</defName>
        <rulePack>
            <rulesStrings>
                <li>r_name->[place_name]</li>
                <li>r_name->[adjective] [place_name]</li>
                <li>r_name->[place_type] of [place_name]</li>
                
                <li>place_name->edoset</li>
                <li>place_name->keley</li>
                <li>place_name->vinmouth</li>
                <li>place_name->irieshire</li>
                <li>place_name->olkvale</li>
                <li>place_name->andridge</li>
                <li>place_name->exalos</li>
                <li>place_name->cerulle</li>
                <li>place_name->sonus</li>
                <li>place_name->volance</li>
                <li>place_name->orion</li>
                <li>place_name->cerulis</li>
                
                <li>adjective->new</li>
                <li>adjective->nova</li>
                <li>adjective->neo</li>
                <li>adjective->major</li>
                
                <li>place_type->city</li>
                <li>place_type->town</li>
                <li>place_type->townlet</li>
                <li>place_type->cosmopolis</li>
            </rulesStrings>
        </rulePack>
    </RulePackDef>

    <!--Raider androids-->
  
    <RulePackDef>
    <defName>NamerFactionRaiderAndroid</defName>
        <rulePack>
            <rulesStrings>
                <li>r_name->The [connecting_verb] [political_raider_androids]</li>
                
                <li>political_raider_androids->enclave</li>
                <li>political_raider_androids->march</li>
                <li>political_raider_androids->uprising</li>
                <li>political_raider_androids->militia</li>
                <li>political_raider_androids->revolution</li>
                
                <li>connecting_verb->unending</li>
                <li>connecting_verb->mechanical</li>
                <li>connecting_verb->unrelenting</li>
                <li>connecting_verb->land of the</li>
            </rulesStrings>
        </rulePack>
    </RulePackDef>
  
</Defs>
