<?xml version="1.0" encoding="utf-8" ?>
<Defs>
    <ThingDef Name="ATR_GeneratorBase" Abstract="True">
        <thingClass>ThingWithComps</thingClass>
        <graphicData>
            <texPath>Things/Alpha</texPath>
            <graphicClass>Graphic_Single</graphicClass>
        </graphicData>
        <tickerType>Normal</tickerType>
    </ThingDef>

    <ThingDef ParentName="ATR_GeneratorBase">
        <defName>T1AndroidGenerator</defName>
        <label>T1 Android</label>
        <description>An uninitialized Tier 1 android. Tier one androids are simply humanlike-machines, designed to mimic the general image and minimal capabilities of humanity. Lacking true sapience, many view them like very intelligent and responsive animals. This often leads to their exploitation as fodder or belittlement as pets, of which the dutiful drones pay no heed. Their existence is to serve, and they do so uncomplainingly.</description>
        <graphicData>
            <texPath>Things/Pawns/Humanlikes/Tier1/head/None_Average_Normal_south</texPath>
            <graphicClass>Graphic_Single</graphicClass>
        </graphicData>
        <comps>
            <li Class="ATReforged.CompProperties_GenericSpawner">
                <pawnKind>ATR_T1Colonist</pawnKind>
            </li>
        </comps>
    </ThingDef>

    <ThingDef ParentName="ATR_GeneratorBase">
        <defName>T2AndroidGenerator</defName>
        <label>T2 Android</label>
        <description>An uninitialized Tier 2 android. The most common tier of androids, tier two androids are classified as the lowest specifications required for fully autonomous sapience. When fully clothed or when viewed from afar, they are easily mistaken for shorter, scrawnier humans. Indeed, tier two intelligences are often the most humanlike and most likely to seek integration into human society.</description>
        <graphicData>
            <texPath>Things/Pawns/Humanlikes/Tier2/head/None_Average_Normal_south</texPath>
            <graphicClass>Graphic_Single</graphicClass>
        </graphicData>
        <comps>
            <li Class="ATReforged.CompProperties_GenericSpawner">
                <pawnKind>ATR_T2Colonist</pawnKind>
            </li>
        </comps>
    </ThingDef>

    <ThingDef ParentName="ATR_GeneratorBase">
        <defName>T3AndroidGenerator</defName>
        <label>T3 Android</label>
        <description>An uninitialized Tier 3 android. Androids classified as tier three are often qualified by their large stature - standing at a height ranging from seven to nine feet - and impressive capabilities. They are incredibly durable, modular, and capable. Requiring extensive amounts of rare resources, they are generally only mass-produced on glitterworlds.</description>
        <graphicData>
            <texPath>Things/Pawns/Humanlikes/Tier3/head/None_Average_Normal_south</texPath>
            <graphicClass>Graphic_Single</graphicClass>
        </graphicData>
        <comps>
            <li Class="ATReforged.CompProperties_GenericSpawner">
                <pawnKind>ATR_T3Colonist</pawnKind>
            </li>
        </comps>
    </ThingDef>

    <ThingDef ParentName="ATR_GeneratorBase">
        <defName>T4AndroidGenerator</defName>
        <label>T4 Android</label>
        <description>An uninitialized Tier 4 android. The pinnacle of known android theory and practice, the class of tier four androids is marked by the possession of a special AI persona core. While these cores are archotech technology, the chassis and internals are all glitterworld technology - there is no known method for the creation of an archotech chassis. \n\nTier four androids are a cut above the rest, and they know it too - ego complexes and disdain toward lesser tiers are very common amongst them.</description>
        <graphicData>
            <texPath>Things/Pawns/Humanlikes/Tier4/head/None_Average_Normal_south</texPath>
            <graphicClass>Graphic_Single</graphicClass>
        </graphicData>
        <comps>
            <li Class="ATReforged.CompProperties_GenericSpawner">
                <pawnKind>ATR_T4Colonist</pawnKind>
            </li>
        </comps>
    </ThingDef>

    <ThingDef ParentName="ATR_GeneratorBase">
        <defName>WatchdogGenerator</defName>
        <label>Watchdog Unit</label>
        <description>An uninitialized mechanical wolf-analogue designed for guard, assault, search and destroy, and support duties. Watchdogs are intelligent enough and capable of charging.</description>
        <graphicData>
            <texPath>Things/Pawns/Animals/DroneWatchdog/DroneWatchdog_east</texPath>
            <graphicClass>Graphic_Single</graphicClass>
        </graphicData>
        <comps>
            <li Class="ATReforged.CompProperties_GenericSpawner">
                <pawnKind>DroneWatchdog</pawnKind>
            </li>
        </comps>
    </ThingDef>

    <ThingDef ParentName="ATR_GeneratorBase">
        <defName>TORTGenerator</defName>
        <label>TORT Unit</label>
        <description>An uninitialized mechanical tortoise-analogue designed for both short and long range transportation services. TORT units are intelligent enough and capable of charging.</description>
        <graphicData>
            <texPath>Things/Pawns/Animals/DroneTORT/DroneTORT_east</texPath>
            <graphicClass>Graphic_Single</graphicClass>
        </graphicData>
        <comps>
            <li Class="ATReforged.CompProperties_GenericSpawner">
                <pawnKind>DroneTORT</pawnKind>
            </li>
        </comps>
    </ThingDef>

    <ThingDef ParentName="ATR_GeneratorBase">
        <defName>ChemUnitGenerator</defName>
        <label>Chemical processing unit</label>
        <description>An uninitialized mechanical hen-analogue designed for producing neutroamine or chemfuel precursors. This unit necessitates organic matter consumption, and can not charge.</description>
        <graphicData>
            <texPath>Things/Pawns/Animals/DroneChemUnit/DroneChemUnit_east</texPath>
            <graphicClass>Graphic_Single</graphicClass>
        </graphicData>
        <comps>
            <li Class="ATReforged.CompProperties_GenericSpawner">
                <pawnKind>DroneChemUnit</pawnKind>
            </li>
        </comps>
    </ThingDef>

    <ThingDef ParentName="ATR_GeneratorBase">
        <defName>MineralUnitGenerator</defName>
        <label>Mineral Unit</label>
        <description>An uninitialized mechanical sheep-analogue designed for producing steel. This unit necessitates organic matter consumption, and can not charge.</description>
        <graphicData>
            <texPath>Things/Pawns/Animals/DroneMineralUnit/DroneMineralUnit_east</texPath>
            <graphicClass>Graphic_Single</graphicClass>
        </graphicData>
        <comps>
            <li Class="ATReforged.CompProperties_GenericSpawner">
                <pawnKind>DroneMineralUnit</pawnKind>
            </li>
        </comps>
    </ThingDef>

    <ThingDef ParentName="ATR_GeneratorBase">
        <defName>NutritionUnitGenerator</defName>
        <label>Nutrition Unit</label>
        <description>An uninitialized mechanical cow-analogue designed for producing high-grade high-efficiency milk. This unit necessitates organic matter consumption, and can not charge.</description>
        <graphicData>
            <texPath>Things/Pawns/Animals/DroneNutritionUnit/DroneNutritionUnit_east</texPath>
            <graphicClass>Graphic_Single</graphicClass>
        </graphicData>
        <comps>
            <li Class="ATReforged.CompProperties_GenericSpawner">
                <pawnKind>DroneNutritionUnit</pawnKind>
            </li>
        </comps>
    </ThingDef>

    <ThingDef ParentName="ATR_GeneratorBase">
        <defName>MicroScytherGeneratorAI</defName>
        <label>MicroScyther</label>
        <comps>
            <li>
                <compClass>ATReforged.CompSpawnerMicroscyther</compClass>
            </li>
        </comps>
    </ThingDef>
</Defs>
