<?xml version="1.0" encoding="utf-8" ?>
<Defs>

    <!-- BASE DEFINITIONS -->
    <PawnKindDef Name="ATR_SurrogateBase" Abstract="True">
        <backstoryFiltersOverride>
            <li>
                <categories>
                    <li>SurrogateSoldier</li>
                </categories>
            </li>
        </backstoryFiltersOverride>
    </PawnKindDef>

    <PawnKindDef Name="ATR_AndroidSurrogateBase" ParentName="ATR_SurrogateBase" Abstract="True">
        <labelPlural>Surrogate Androids</labelPlural>
        <defaultFactionType>ATR_MechanicalMarauders</defaultFactionType>
        <minGenerationAge>0</minGenerationAge>
        <maxGenerationAge>30</maxGenerationAge>
        <aiAvoidCover>false</aiAvoidCover>
        <gearHealthRange>
            <min>0.8</min>
            <max>1.6</max>
        </gearHealthRange>
        <invNutrition>2.15</invNutrition>
        <initialResistanceRange>14~20</initialResistanceRange>
        <initialWillRange>0~0</initialWillRange>
    </PawnKindDef>

    <!-- CORE MODEL DEFINITIONS -->

    <PawnKindDef ParentName = "ATR_AndroidSurrogateBase">
        <defName>ATR_AndroidT2Surrogate</defName>
        <label>T2 Android Surrogate</label>
	    <race>ATR_Tier2Android</race>
        <invNutrition>3.25</invNutrition>
        <combatPower>90</combatPower>
        <apparelTags>
            <li>IndustrialBasic</li>
            <li>IndustrialMilitaryBasic</li>
        </apparelTags>
        <apparelMoney>400~1000</apparelMoney>
        <apparelAllowHeadgearChance>0.3</apparelAllowHeadgearChance>
        <weaponMoney>
            <min>200</min>
            <max>600</max>
        </weaponMoney>
        <weaponTags>
            <li>Gun</li>
        </weaponTags>
        <techHediffsMoney>
            <min>400</min>
            <max>800</max>
        </techHediffsMoney>
        <techHediffsTags>
            <li>Advanced</li>
        </techHediffsTags>
        <techHediffsChance>0.3</techHediffsChance>
    </PawnKindDef>

    <PawnKindDef ParentName = "ATR_AndroidSurrogateBase">
        <defName>ATR_AndroidT3Surrogate</defName>
        <label>T3 Android Surrogate</label>
	    <race>ATR_Tier3Android</race>
        <invNutrition>2.55</invNutrition>
        <combatPower>120</combatPower>
        <apparelTags>
            <li>IndustrialBasic</li>
            <li>IndustrialAdvanced</li>
            <li>IndustrialMilitaryBasic</li>
            <li>IndustrialMilitaryAdvanced</li>
            <li>BeltDefensePop</li>
        </apparelTags>
        <apparelMoney>1000~1500</apparelMoney>
        <apparelAllowHeadgearChance>0.5</apparelAllowHeadgearChance>
        <weaponMoney>
            <min>400</min>
            <max>1200</max>
        </weaponMoney>
        <weaponTags>
            <li>Gun</li>
        </weaponTags>
        <techHediffsMoney>
            <min>800</min>
            <max>1400</max>
        </techHediffsMoney>
        <techHediffsTags>
            <li>Simple</li>
            <li>Advanced</li>
        </techHediffsTags>
        <techHediffsChance>0.3</techHediffsChance>
	    <initialResistanceRange>13~21</initialResistanceRange>
	    <initialWillRange>0~0</initialWillRange>
    </PawnKindDef>

    <PawnKindDef ParentName = "ATR_AndroidSurrogateBase">
        <defName>ATR_AndroidT4Surrogate</defName>
        <label>T4 Android Surrogate</label>
	    <race>ATR_Tier4Android</race>
        <invNutrition>2.55</invNutrition>
        <combatPower>160</combatPower>
        <apparelTags>
            <li>IndustrialBasic</li>
            <li>IndustrialAdvanced</li>
            <li>IndustrialMilitaryBasic</li>
            <li>IndustrialMilitaryAdvanced</li>
            <li>SpacerMilitary</li>
            <li>BeltDefensePop</li>
        </apparelTags>
        <apparelMoney>2500~3500</apparelMoney>
        <apparelAllowHeadgearChance>0.9</apparelAllowHeadgearChance>
        <weaponMoney>
            <min>600</min>
            <max>1500</max>
        </weaponMoney>
        <weaponTags>
            <li>IndustrialGunAdvanced</li>
            <li>SpacerGun</li>
        </weaponTags>
        <techHediffsMoney>
            <min>1200</min>
            <max>2000</max>
        </techHediffsMoney>
        <techHediffsTags>
            <li>Simple</li>
            <li>Advanced</li>
        </techHediffsTags>
        <techHediffsChance>0.3</techHediffsChance>
	    <initialResistanceRange>13~21</initialResistanceRange>
	    <initialWillRange>0~0</initialWillRange>
    </PawnKindDef>

</Defs>