<?xml version="1.0" encoding="utf-8" ?>
<Defs>

    <PawnKindDef Name="ATR_BaseNewbootPlayerPawnKind" ParentName="BasePlayerPawnKind" Abstract="True">
        <label>Android colonist</label>
		<backstoryFiltersOverride>
            <li>
                <categories>
                    <li>ATR_NewbootAndroids</li>
                </categories>
            </li>
		</backstoryFiltersOverride>
		<maxGenerationAge>1</maxGenerationAge>
		<defaultFactionType>ATR_PlayerAndroidFaction</defaultFactionType>
		<chemicalAddictionChance>0.00</chemicalAddictionChance>
		<backstoryCryptosleepCommonality>0</backstoryCryptosleepCommonality>
		<initialResistanceRange>13~21</initialResistanceRange>
    </PawnKindDef>

	<PawnKindDef ParentName="ATR_BaseNewbootPlayerPawnKind">
		<defName>ATR_T1Colonist</defName>
		<label>T1 Newboot Colonist</label>
		<race>ATR_Tier1Android</race>
        <combatPower>20</combatPower>
	</PawnKindDef>

	<PawnKindDef ParentName="ATR_BaseNewbootPlayerPawnKind">
		<defName>ATR_T2Colonist</defName>
		<label>T2 Newboot Colonist</label>
		<race>ATR_Tier2Android</race>
        <combatPower>40</combatPower>
	</PawnKindDef>

	<PawnKindDef ParentName="ATR_BaseNewbootPlayerPawnKind">
		<defName>ATR_T3Colonist</defName>
		<label>T3 Newboot Colonist</label>
		<race>ATR_Tier3Android</race>
        <combatPower>60</combatPower>
	</PawnKindDef>

	<PawnKindDef ParentName="ATR_BaseNewbootPlayerPawnKind">
		<defName>ATR_T4Colonist</defName>
		<label>T4 Newboot Colonist</label>
		<race>ATR_Tier4Android</race>
        <combatPower>75</combatPower>
	</PawnKindDef>

	<!--Androids With Real Backstories-->

    <PawnKindDef Name="ATR_BaseMechPlayerPawnKind" ParentName="BasePlayerPawnKind" Abstract="True">
        <label>Android colonist</label>
		<minGenerationAge>20</minGenerationAge>
		<defaultFactionType>ATR_PlayerAndroidFaction</defaultFactionType>
		<chemicalAddictionChance>0.00</chemicalAddictionChance>
		<backstoryCryptosleepCommonality>0</backstoryCryptosleepCommonality>
        <initialResistanceRange>13~21</initialResistanceRange>
		<backstoryFiltersOverride>
		  <li>
			<categories>
			  <li>ATR_GeneralAndroids</li>
			</categories>
		  </li>
		</backstoryFiltersOverride>
        <apparelTags>
            <li>IndustrialBasic</li>
        </apparelTags>
    </PawnKindDef>

	<PawnKindDef ParentName="ATR_BaseMechPlayerPawnKind">
		<defName>ATR_T1Refugee</defName>
		<label>T1 Android Colonist</label>
		<race>ATR_Tier1Android</race>
        <combatPower>20</combatPower>
	</PawnKindDef>

	<PawnKindDef ParentName="ATR_BaseMechPlayerPawnKind">
		<defName>ATR_T2Refugee</defName>
		<label>T2 Android Colonist</label>
		<race>ATR_Tier2Android</race>
        <combatPower>40</combatPower>
	</PawnKindDef>

	<PawnKindDef ParentName="ATR_BaseMechPlayerPawnKind">
		<defName>ATR_T3Refugee</defName>
		<label>T3 Android Colonist</label>
		<race>ATR_Tier3Android</race>
        <combatPower>60</combatPower>
	</PawnKindDef>

	<PawnKindDef ParentName="ATR_BaseMechPlayerPawnKind">
		<defName>ATR_T4Refugee</defName>
		<label>T4 Android Colonist</label>
		<race>ATR_Tier4Android</race>
        <combatPower>75</combatPower>
	</PawnKindDef>

    <!-- Special PawnKinds -->

    <PawnKindDef ParentName="BasePlayerPawnKind">
        <defName>ATR_FractalWitness</defName>
        <label>Fractal Witness</label>
		<chemicalAddictionChance>0.00</chemicalAddictionChance>
		<backstoryCryptosleepCommonality>0</backstoryCryptosleepCommonality>
        <initialResistanceRange>13~21</initialResistanceRange>
        <extraSkillLevels>6</extraSkillLevels>
		<backstoryFiltersOverride>
            <li>
                <categories>
                    <li>ATR_FractalWitness</li>
                </categories>
            </li>
		</backstoryFiltersOverride>
    </PawnKindDef>

</Defs>