<?xml version="1.0" encoding="utf-8" ?>
<Defs>

    <PawnKindDef Name="ATR_AndroidCollectivePawnKindBase" ParentName="BasePlayerPawnKind" Abstract="True">
		<backstoryFiltersOverride>
            <li>
                <categories>
                    <li>ATR_GeneralAndroids</li>
                </categories>
            </li>
		</backstoryFiltersOverride>
        <invFoodDef>MealSurvivalPack</invFoodDef>
		<chemicalAddictionChance>0.00</chemicalAddictionChance>
        <defaultFactionType>ATR_AndroidUnion</defaultFactionType>
		<backstoryCryptosleepCommonality>0</backstoryCryptosleepCommonality>
    </PawnKindDef>

    <PawnKindDef ParentName="ATR_AndroidCollectivePawnKindBase">
        <defName>ATR_AndroidT2CollectiveTrader</defName>
        <label>T2 Android Trader</label>
        <labelPlural>Union traders</labelPlural>
        <race>ATR_Tier2Android</race>
        <invNutrition>3.2</invNutrition>
		<trader>true</trader>
        <combatPower>40</combatPower>
        <minGenerationAge>20</minGenerationAge>
        <gearHealthRange>0.7~2.3</gearHealthRange>
        <apparelMoney>400~1000</apparelMoney>
        <apparelTags>
            <li>IndustrialBasic</li>
            <li>IndustrialAdvanced</li>
            <li>IndustrialMilitaryBasic</li>
            <li>IndustrialMilitaryAdvanced</li>
        </apparelTags>
        <apparelAllowHeadgearChance>0.7</apparelAllowHeadgearChance>
        <weaponMoney>250~345</weaponMoney>
        <weaponTags>
            <li>Gun</li>
        </weaponTags>
        <techHediffsMoney>50~800</techHediffsMoney>
        <inventoryOptions>
            <skipChance>0.9</skipChance>
            <subOptionsChooseOne>
                <li>
                <thingDef>ATR_RepairStimIntermediate</thingDef>
                <countRange>1</countRange>
                </li>
            </subOptionsChooseOne>
        </inventoryOptions>
        <biocodeWeaponChance>0.2</biocodeWeaponChance>
        <techHediffsChance>0.08</techHediffsChance>
        <initialWillRange>2~3</initialWillRange>
        <initialResistanceRange>7~12</initialResistanceRange>
    </PawnKindDef>

    <PawnKindDef ParentName="ATR_AndroidCollectivePawnKindBase">
        <defName>ATR_AndroidT1CollectiveSoldier</defName>
		<label>T1 Android Soldier</label>
		<labelPlural>Android soldiers</labelPlural>
        <race>ATR_Tier1Android</race>
        <combatPower>70</combatPower>
        <invNutrition>3.85</invNutrition>
        <minGenerationAge>20</minGenerationAge>
        <maxGenerationAge>50</maxGenerationAge>
        <aiAvoidCover>true</aiAvoidCover>
        <itemQuality>Poor</itemQuality>
        <apparelTags>
            <li>IndustrialBasic</li>
            <li>IndustrialMilitaryBasic</li>
        </apparelTags>
        <gearHealthRange>0.4~1.1</gearHealthRange>
        <techHediffsChance>0.04</techHediffsChance>
        <apparelAllowHeadgearChance>0.4</apparelAllowHeadgearChance>
        <apparelMoney>300~500</apparelMoney>
        <weaponMoney>200~300</weaponMoney>
        <weaponTags>
            <li>Gun</li>
        </weaponTags>
        <techHediffsMoney>50~50</techHediffsMoney>
        <inventoryOptions>
            <skipChance>0.95</skipChance>
            <subOptionsChooseOne>
                <li>
                    <thingDef>ATR_RepairStimIntermediate</thingDef>
                    <countRange>1</countRange>
                </li>
            </subOptionsChooseOne>
        </inventoryOptions>
        <initialWillRange>0~0</initialWillRange>
        <initialResistanceRange>17~26</initialResistanceRange>
    </PawnKindDef>

    <PawnKindDef ParentName="ATR_AndroidCollectivePawnKindBase">
        <defName>ATR_AndroidT2CollectiveSoldier</defName>
		<label>T2 Android Soldier</label>
		<labelPlural>Android Soldiers</labelPlural>
        <race>ATR_Tier2Android</race>
        <invNutrition>3.2</invNutrition>
        <combatPower>110</combatPower>
        <minGenerationAge>20</minGenerationAge>
        <gearHealthRange>0.7~2.3</gearHealthRange>
        <apparelMoney>400~1000</apparelMoney>
        <apparelTags>
            <li>IndustrialBasic</li>
            <li>IndustrialAdvanced</li>
            <li>IndustrialMilitaryBasic</li>
            <li>IndustrialMilitaryAdvanced</li>
        </apparelTags>
        <apparelAllowHeadgearChance>0.7</apparelAllowHeadgearChance>
        <weaponMoney>250~345</weaponMoney>
        <weaponTags>
            <li>Gun</li>
        </weaponTags>
        <techHediffsMoney>50~800</techHediffsMoney>
        <inventoryOptions>
            <skipChance>0.9</skipChance>
            <subOptionsChooseOne>
                <li>
                <thingDef>ATR_RepairStimIntermediate</thingDef>
                <countRange>1</countRange>
                </li>
            </subOptionsChooseOne>
        </inventoryOptions>
        <biocodeWeaponChance>0.2</biocodeWeaponChance>
        <techHediffsChance>0.08</techHediffsChance>
        <initialWillRange>2~3</initialWillRange>
        <initialResistanceRange>7~12</initialResistanceRange>
    </PawnKindDef>

    <PawnKindDef ParentName="ATR_AndroidCollectivePawnKindBase">
        <defName>ATR_AndroidT3CollectiveSoldier</defName>
		<label>T3 Android Soldier</label>
        <labelPlural>Union soldiers</labelPlural>
        <race>ATR_Tier3Android</race>
        <invNutrition>2.55</invNutrition>
        <combatPower>150</combatPower>
        <minGenerationAge>20</minGenerationAge>
        <gearHealthRange>0.7~3.2</gearHealthRange>
        <apparelTags>
            <li>IndustrialBasic</li>
            <li>IndustrialAdvanced</li>
            <li>IndustrialMilitaryBasic</li>
            <li>IndustrialMilitaryAdvanced</li>
            <li>BeltDefensePop</li>
        </apparelTags>
        <apparelMoney>1000~1500</apparelMoney>
        <apparelAllowHeadgearChance>0.5</apparelAllowHeadgearChance>
        <weaponMoney>500~850</weaponMoney>
        <weaponTags>
            <li>Gun</li>
        </weaponTags>
        <combatEnhancingDrugsChance>0.05</combatEnhancingDrugsChance>
        <combatEnhancingDrugsCount>0~2</combatEnhancingDrugsCount>
        <inventoryOptions>
            <skipChance>0.9</skipChance>
            <subOptionsChooseOne>
                <li>
                <thingDef>ATR_RepairStimIntermediate</thingDef>
                <countRange>1</countRange>
                </li>
            </subOptionsChooseOne>
        </inventoryOptions>
        <techHediffsChance>0.15</techHediffsChance>
        <techHediffsMoney>700~1200</techHediffsMoney>
        <initialResistanceRange>13~21</initialResistanceRange>
        <biocodeWeaponChance>0.2</biocodeWeaponChance>
        <initialWillRange>2~4</initialWillRange>
        <skills>
            <li>
                <skill>Shooting</skill>
                <range>6~16</range>
            </li>
        </skills>
    </PawnKindDef>

    <PawnKindDef ParentName="ATR_AndroidCollectivePawnKindBase">
        <defName>ATR_AndroidT4CollectiveSoldier</defName>
		<label>T4 Android Soldier</label>
		<labelPlural>Android Soldiers</labelPlural>
        <race>ATR_Tier4Android</race>
        <invNutrition>2.55</invNutrition>
        <combatPower>220</combatPower>
        <minGenerationAge>20</minGenerationAge>
        <gearHealthRange>1~1</gearHealthRange>
        <apparelTags>
            <li>IndustrialBasic</li>
            <li>IndustrialAdvanced</li>
            <li>IndustrialMilitaryBasic</li>
            <li>IndustrialMilitaryAdvanced</li>
            <li>SpacerMilitary</li>
            <li>BeltDefensePop</li>
        </apparelTags>
        <apparelMoney>2500~3500</apparelMoney>
        <apparelAllowHeadgearChance>0.9</apparelAllowHeadgearChance>
        <weaponMoney>500~1400</weaponMoney>
        <weaponTags>
            <li>IndustrialGunAdvanced</li>
        </weaponTags>
        <techHediffsMoney>1000~1200</techHediffsMoney>
        <techHediffsTags>
            <li>Advanced</li>
        </techHediffsTags>
        <techHediffsChance>0.35</techHediffsChance>
        <combatEnhancingDrugsChance>0.80</combatEnhancingDrugsChance>
        <combatEnhancingDrugsCount>1~2</combatEnhancingDrugsCount>
        <biocodeWeaponChance>0.3</biocodeWeaponChance>
        <initialWillRange>3~5</initialWillRange>
        <initialResistanceRange>15~23</initialResistanceRange>
        <inventoryOptions>
            <skipChance>0.9</skipChance>
            <subOptionsChooseOne>
                <li>
                    <thingDef>ATR_RepairStimIntermediate</thingDef>
                    <countRange>1</countRange>
                </li>
            </subOptionsChooseOne>
        </inventoryOptions>
        <skills>
            <li>
                <skill>Shooting</skill>
                <range>10~18</range>
            </li>
        </skills>
    </PawnKindDef>

    <PawnKindDef ParentName="ATR_AndroidCollectivePawnKindBase">
        <defName>ATR_AndroidT4CollectiveLeader</defName>
		<label>Android leader</label>
		<labelPlural>Android leaders</labelPlural>
        <race>ATR_Tier4Android</race>
        <invNutrition>2.55</invNutrition>
        <combatPower>220</combatPower>
        <minGenerationAge>20</minGenerationAge>
        <itemQuality>Good</itemQuality>
        <gearHealthRange>1~1</gearHealthRange>
        <apparelTags>
            <li>IndustrialBasic</li>
            <li>IndustrialAdvanced</li>
            <li>IndustrialMilitaryBasic</li>
            <li>IndustrialMilitaryAdvanced</li>
            <li>SpacerMilitary</li>
            <li>BeltDefensePop</li>
        </apparelTags>
        <apparelMoney>4000~7000</apparelMoney>
        <apparelAllowHeadgearChance>1</apparelAllowHeadgearChance>
        <weaponMoney>800~1800</weaponMoney>
        <weaponTags>
            <li>IndustrialGunAdvanced</li>
        </weaponTags>
        <techHediffsMoney>2000~2400</techHediffsMoney>
        <techHediffsTags>
            <li>Advanced</li>
        </techHediffsTags>
        <techHediffsChance>0.6</techHediffsChance>
        <combatEnhancingDrugsChance>0.80</combatEnhancingDrugsChance>
        <combatEnhancingDrugsCount>1~2</combatEnhancingDrugsCount>
        <biocodeWeaponChance>0.5</biocodeWeaponChance>
        <initialWillRange>3~5</initialWillRange>
        <initialResistanceRange>15~23</initialResistanceRange>
        <inventoryOptions>
            <skipChance>0.3</skipChance>
            <subOptionsChooseOne>
                <li>
                    <thingDef>ATR_RepairStimIntermediate</thingDef>
                    <countRange>1</countRange>
                </li>
            </subOptionsChooseOne>
        </inventoryOptions>
        <skills>
            <li>
                <skill>Shooting</skill>
                <range>10~18</range>
            </li>
            <li>
                <skill>Social</skill>
                <range>8~16</range>
            </li>
        </skills>
    </PawnKindDef>

</Defs>