﻿<?xml version="1.0" encoding="utf-8" ?>
<Defs>

	<HediffGiverSetDef>
        <defName>ATR_MechanicalStandard</defName>
	    <hediffGivers>
			<li Class="HediffGiver_Bleeding">
				<hediff>ATR_CoolantLoss</hediff>
			</li>
			<li Class="ATReforged.HediffGiver_HypothermiaNoFrostbite">
				<hediff>ATR_MechanicalHypothermia</hediff>
			</li>
			<li Class="HediffGiver_Heat">
				<hediff>ATR_Overheating</hediff>
			</li>

            <!-- "Age" hediffs are handled by the CompMaintenanceNeed -->
	    </hediffGivers>
	</HediffGiverSetDef>
    
</Defs>