<?xml version="1.0" encoding="utf-8" ?>
<Defs>

    <RecipeDef>
        <defName>ATR_DisassembleAndroid</defName>
		<label>Disassemble Android</label>
		<description>Disassemble deceased mechanical humanlikes into component parts.</description>
		<jobString>Disassembling android.</jobString>
		<workAmount>300</workAmount>
		<workSpeedStat>ButcheryMechanoidSpeed</workSpeedStat>
		<workSkill>Crafting</workSkill>
		<efficiencyStat>ButcheryMechanoidEfficiency</efficiencyStat>
		<effectWorking>ButcherMechanoid</effectWorking>
		<soundWorking>Recipe_ButcherCorpseMechanoid</soundWorking>
		<ingredients>
		  <li>
			<filter>
			  <categories>
			  <li>CorpsesHumanlike</li>
			  </categories>
			  <disallowedThingDefs>
				<li>Corpse_Human</li>
			  </disallowedThingDefs>
			</filter>
			<count>1</count>
		  </li>
		</ingredients>
		<fixedIngredientFilter>
		    <categories>
			    <li>CorpsesHumanlike</li>
            </categories>
            <disallowedThingDefs>
                <li>Corpse_Human</li>
            </disallowedThingDefs>
		</fixedIngredientFilter>
		<specialProducts>
		    <li>Butchery</li>
		</specialProducts>
    </RecipeDef>
    
</Defs>