<?xml version="1.0" encoding="utf-8" ?>
<Patch>

    <!-- Humanlike colonists should idly do self-maintenance instead of wandering if possible. -->
    <Operation Class="PatchOperationInsert">
        <xpath>Defs/ThinkTreeDef[defName="Humanlike"]/thinkRoot/subNodes/li[@Class="ThinkNode_ConditionalColonist"]/subNodes/li[@Class="ThinkNode_Tagger"]/subNodes/li[@Class="JobGiver_WanderColony"]</xpath>
        <order>Prepend</order>
        <value>
            <li Class="ATReforged.JobGiver_DoMaintenanceIdle"/>
        </value>
    </Operation>

    <!-- Humanlike prisoners should idly do self-maintenance instead of wandering if possible. -->
    <Operation Class="PatchOperationInsert">
        <xpath>Defs/ThinkTreeDef[defName="Humanlike"]/thinkRoot/subNodes/li[@Class="ThinkNode_ConditionalPrisoner"]/subNodes/li[@Class="ThinkNode_Tagger"]/subNodes/li[@Class="JobGiver_WanderCurrentRoom"]</xpath>
        <order>Prepend</order>
        <value>
            <li Class="ATReforged.JobGiver_DoMaintenanceIdle"/>
        </value>
    </Operation>

    <!-- Humanlikes should idly do self-maintenance instead of wandering if possible (colonists short circuit this). -->
    <Operation Class="PatchOperationInsert">
        <xpath>Defs/ThinkTreeDef[defName="Humanlike"]/thinkRoot/subNodes/li[@Class="ThinkNode_ConditionalColonist"]/subNodes/li[@Class="ThinkNode_Tagger"]/subNodes/li[@Class="JobGiver_WanderColony"]</xpath>
        <order>Prepend</order>
        <value>
            <li Class="ATReforged.JobGiver_DoMaintenanceIdle"/>
        </value>
    </Operation>

    <!-- Humanlike colonists should idly do self-maintenance when resting instead of simply lying there. -->
    <Operation Class="PatchOperationInsert">
        <xpath>Defs/ThinkTreeDef[defName="Humanlike"]/thinkRoot/subNodes/li[@Class="ThinkNode_ConditionalMustKeepLyingDown"]/subNodes/li[@Class="JobGiver_KeepLyingDown"]</xpath>
        <order>Prepend</order>
        <value>
            <li Class="ATReforged.JobGiver_DoMaintenanceIdle"/>
        </value>
    </Operation>

    <!-- Colonists should have urgent maintenance needs met prior to doing work. -->
    <Operation Class="PatchOperationInsert">
        <xpath>Defs/ThinkTreeDef[defName="MainColonistBehaviorCore"]/thinkRoot/subNodes/li/subNodes/li[@Class="JobGiver_Work"]</xpath>
        <order>Prepend</order>
        <value>
            <li Class="ATReforged.JobGiver_DoMaintenanceUrgent"/>
        </value>
    </Operation>

</Patch>