<?xml version="1.0" encoding="utf-8"?>
<Defs>

	<AlienRace.ThingDef_AlienRace ParentName="ATR_BaseMechanicalPawn">
		<defName>ATR_Tier3Android</defName>
		<label>T3 Android</label>
		<description>Androids classified as tier three are often qualified by their large stature - standing at a height ranging from seven to nine feet - and impressive capabilities. They are incredibly durable, modular, and capable. Requiring extensive amounts of rare resources, they are generally only mass-produced on glitterworlds.</description>
		<alienRace>
			<graphicPaths>
                <body>
                    <path>Things/Pawns/Humanlikes/Tier3/body/Naked_None</path>
                    <genderGraphics>
                        <Male>Things/Pawns/Humanlikes/Tier3/body/Naked_Male</Male>
                        <Female>Things/Pawns/Humanlikes/Tier3/body/Naked_Female</Female>
                        <None>Things/Pawns/Humanlikes/Tier3/body/Naked_None</None>
                    </genderGraphics>
                </body>
                <head>
                    <path>Things/Pawns/Humanlikes/Tier3/head/None_Average_Normal</path>
                    <genderGraphics>
                        <Male>Things/Pawns/Humanlikes/Tier3/head/Male_Average_Normal</Male>
                        <Female>Things/Pawns/Humanlikes/Tier3/head/Female_Average_Normal</Female>
                        <None>Things/Pawns/Humanlikes/Tier3/head/None_Average_Normal</None>
                    </genderGraphics>
                </head>
                <skinShader>Cutout</skinShader>
            </graphicPaths>
            <generalSettings>
                <alienPartGenerator>
					<headTypes>
                        <li>ATR_Tier3_Male</li>
                        <li>ATR_Tier3_Female</li>
                        <li>ATR_Tier3_None</li>
                    </headTypes>
                </alienPartGenerator>
            </generalSettings>
		</alienRace>
        <uiIconPath>Things/Pawns/Humanlikes/Tier3/ATR_TierThreeExemplar</uiIconPath>
		<statBases>
			<MarketValue>2400</MarketValue>
			<MoveSpeed>5.10</MoveSpeed>
			<ComfyTemperatureMin>-20</ComfyTemperatureMin>
			<ComfyTemperatureMax>40</ComfyTemperatureMax>
			<WorkSpeedGlobal>1.2</WorkSpeedGlobal>
			<MentalBreakThreshold>0.35</MentalBreakThreshold>
			<GlobalLearningFactor>1.2</GlobalLearningFactor>
			<SocialImpact>1.2</SocialImpact>
			<ArmorRating_Blunt>0.20</ArmorRating_Blunt>
			<ArmorRating_Sharp>0.50</ArmorRating_Sharp>
            <ATR_MaintenanceRetention>1.4</ATR_MaintenanceRetention>
			<Mass>92.5</Mass>
		</statBases>
		<tools>
			<li>
				<label>right fist</label>
				<capacities>
					<li>Blunt</li>
				</capacities>
				<power>10</power>
				<cooldownTime>2</cooldownTime>
				<linkedBodyPartsGroup>RightHand</linkedBodyPartsGroup>
				<surpriseAttack>
					<extraMeleeDamages>
						<li>
							<def>Stun</def>
							<amount>16</amount>
						</li>
					</extraMeleeDamages>
				</surpriseAttack>
			</li>
			<li>
				<label>left fist</label>
				<capacities>
					<li>Blunt</li>
				</capacities>
				<power>10</power>
				<cooldownTime>2</cooldownTime>
				<linkedBodyPartsGroup>LeftHand</linkedBodyPartsGroup>
				<surpriseAttack>
					<extraMeleeDamages>
						<li>
							<def>Stun</def>
							<amount>16</amount>
						</li>
					</extraMeleeDamages>
				</surpriseAttack>
			</li>
			<li>
				<label>head</label>
				<capacities>
					<li>Blunt</li>
				</capacities>
				<power>8</power>
				<cooldownTime>2</cooldownTime>
				<linkedBodyPartsGroup>HeadAttackTool</linkedBodyPartsGroup>
                <ensureLinkedBodyPartsGroupAlwaysUsable>true</ensureLinkedBodyPartsGroupAlwaysUsable>
				<chanceFactor>0.2</chanceFactor>
			</li>
		</tools>
		<race>
			<body>ATR_AndroidBody</body>
			<baseHealthScale>1.2</baseHealthScale>
            <baseHungerRate>0.8</baseHungerRate>
			<baseBodySize>1.4</baseBodySize>
		</race>
		<modExtensions>
			<li Class="ATReforged.ATR_MechTweaker">
                <droneSkillLevel>12</droneSkillLevel>
			</li>
		</modExtensions>
		<butcherProducts>
			<Plasteel>40</Plasteel>
			<Uranium>10</Uranium>
			<ComponentIndustrial>6</ComponentIndustrial>
            <ComponentSpacer>2</ComponentSpacer>
		</butcherProducts>
	</AlienRace.ThingDef_AlienRace>

</Defs>