<?xml version="1.0" encoding="utf-8"?>
<Defs>

	<AlienRace.ThingDef_AlienRace ParentName="ATR_BaseMechanicalPawn">
		<defName>ATR_Tier4Android</defName>
		<label>T4 Android</label>
		<description>The pinnacle of known android theory and practice, the class of tier four androids is marked by the possession of a special AI persona core. While these cores are ultratech technology, the chassis and internals are all high spacer technology. \n\nTier four androids are a cut above the rest, and they know it too - ego complexes and disdain toward others are very common amongst them.</description>
		<alienRace>
			<graphicPaths>
                <body>
                    <path>Things/Pawns/Humanlikes/Tier4/body/Naked_None</path>
                    <genderGraphics>
                        <Male>Things/Pawns/Humanlikes/Tier4/body/Naked_Male</Male>
                        <Female>Things/Pawns/Humanlikes/Tier4/body/Naked_Female</Female>
                        <None>Things/Pawns/Humanlikes/Tier4/body/Naked_None</None>
                    </genderGraphics>
                </body>
                <head>
                    <path>Things/Pawns/Humanlikes/Tier4/head/None_Average_Normal</path>
                    <genderGraphics>
                        <Male>Things/Pawns/Humanlikes/Tier4/head/Male_Average_Normal</Male>
                        <Female>Things/Pawns/Humanlikes/Tier4/head/Female_Average_Normal</Female>
                        <None>Things/Pawns/Humanlikes/Tier4/head/None_Average_Normal</None>
                    </genderGraphics>
                </head>
                <skinShader>Cutout</skinShader>
			</graphicPaths>
            <generalSettings>
                <alienPartGenerator>
					<headTypes>
                        <li>ATR_Tier4_Male</li>
                        <li>ATR_Tier4_Female</li>
                        <li>ATR_Tier4_None</li>
                    </headTypes>
                </alienPartGenerator>
            </generalSettings>
		</alienRace>
        <uiIconPath>Things/Pawns/Humanlikes/Tier4/ATR_TierFourExemplar</uiIconPath>
		<statBases>
			<MarketValue>4000</MarketValue>
			<MoveSpeed>5.60</MoveSpeed>
			<PsychicSensitivity>0.5</PsychicSensitivity>
			<ComfyTemperatureMin>-30</ComfyTemperatureMin>
			<ComfyTemperatureMax>45</ComfyTemperatureMax>
			<MentalBreakThreshold>0.42</MentalBreakThreshold>
			<GlobalLearningFactor>1.6</GlobalLearningFactor>
			<WorkSpeedGlobal>1.4</WorkSpeedGlobal>
			<SocialImpact>1.6</SocialImpact>
			<ArmorRating_Blunt>0.20</ArmorRating_Blunt>
			<ArmorRating_Sharp>0.50</ArmorRating_Sharp>
            <ATR_MaintenanceRetention>1.8</ATR_MaintenanceRetention>
			<Mass>72.5</Mass>
		</statBases>
		<tools>
			<li>
				<label>right fist</label>
				<capacities>
					<li>Blunt</li>
				</capacities>
				<power>10</power>
				<cooldownTime>2</cooldownTime>
				<linkedBodyPartsGroup>RightHand</linkedBodyPartsGroup>
				<surpriseAttack>
					<extraMeleeDamages>
						<li>
							<def>Stun</def>
							<amount>22</amount>
						</li>
					</extraMeleeDamages>
				</surpriseAttack>
			</li>
			<li>
				<label>left fist</label>
				<capacities>
					<li>Blunt</li>
				</capacities>
				<power>10</power>
				<cooldownTime>2</cooldownTime>
				<linkedBodyPartsGroup>LeftHand</linkedBodyPartsGroup>
				<surpriseAttack>
					<extraMeleeDamages>
						<li>
							<def>Stun</def>
							<amount>22</amount>
						</li>
					</extraMeleeDamages>
				</surpriseAttack>
			</li>
			<li>
				<label>head</label>
				<capacities>
					<li>Blunt</li>
				</capacities>
				<power>8</power>
				<cooldownTime>2</cooldownTime>
				<linkedBodyPartsGroup>HeadAttackTool</linkedBodyPartsGroup>
                <ensureLinkedBodyPartsGroupAlwaysUsable>true</ensureLinkedBodyPartsGroupAlwaysUsable>
				<chanceFactor>0.2</chanceFactor>
			</li>
		</tools>
		<race>
			<body>ATR_AndroidBody</body>
			<baseHealthScale>1.4</baseHealthScale>
			<baseHungerRate>0.6</baseHungerRate>
			<baseBodySize>1.1</baseBodySize>
		</race>
		<modExtensions>
			<li Class="ATReforged.ATR_MechTweaker">
                <droneSkillLevel>14</droneSkillLevel>
                <dronesCanHaveTraits>true</dronesCanHaveTraits>
			</li>
		</modExtensions>
		<butcherProducts>
			<Plasteel>80</Plasteel>
			<ComponentIndustrial>10</ComponentIndustrial>
            <ComponentSpacer>4</ComponentSpacer>
			<AIPersonaCore>1</AIPersonaCore>
		</butcherProducts>
	</AlienRace.ThingDef_AlienRace>

</Defs>