<?xml version="1.0" encoding="utf-8"?>
<Defs>

	<AlienRace.ThingDef_AlienRace ParentName="ATR_BaseMechanicalPawn">
		<defName>ATR_Tier1Android</defName>
		<label>T1 Android</label>
		<description>Tier one androids are simply humanlike-machines, designed to mimic the general image and minimal capabilities of humanity. Lacking true sapience, many view them like very intelligent and responsive animals. Their existence is to serve, and they do so uncomplainingly.\n\nDue to minimal investment and design, tier one androids suffer from maintenance and efficiency flaws, leaving them relatively obsoleted by later, more durable, iterations - except for jobs where minimal specifications and resources is explicitly required or desired.</description>
		<alienRace>
			<graphicPaths>
                <body>
                    <path>Things/Pawns/Humanlikes/Tier1/body/Naked_None</path>
                    <genderGraphics>
                        <Male>Things/Pawns/Humanlikes/Tier1/body/Naked_Male</Male>
                        <Female>Things/Pawns/Humanlikes/Tier1/body/Naked_Female</Female>
                        <None>Things/Pawns/Humanlikes/Tier1/body/Naked_None</None>
                    </genderGraphics>
                </body>
                <head>
                    <path>Things/Pawns/Humanlikes/Tier1/head/None_Average_Normal</path>
                    <genderGraphics>
                        <Male>Things/Pawns/Humanlikes/Tier1/head/Male_Average_Normal</Male>
                        <Female>Things/Pawns/Humanlikes/Tier1/head/Female_Average_Normal</Female>
                        <None>Things/Pawns/Humanlikes/Tier1/head/None_Average_Normal</None>
                    </genderGraphics>
                </head>
                <skinShader>Cutout</skinShader>
            </graphicPaths>
            <generalSettings>
                <alienPartGenerator>
					<headTypes>
                        <li>ATR_Tier1_Male</li>
                        <li>ATR_Tier1_Female</li>
                        <li>ATR_Tier1_None</li>
                    </headTypes>
                </alienPartGenerator>
            </generalSettings>
		</alienRace>
        <uiIconPath>Things/Pawns/Humanlikes/Tier1/ATR_TierOneExemplar</uiIconPath>
		<statBases>
			<MarketValue>1000</MarketValue>
			<MoveSpeed>3.60</MoveSpeed>
			<ComfyTemperatureMin>0</ComfyTemperatureMin>
			<ComfyTemperatureMax>30</ComfyTemperatureMax>
			<MentalBreakThreshold>0.16</MentalBreakThreshold>
			<GlobalLearningFactor>0.2</GlobalLearningFactor>
			<WorkSpeedGlobal>0.6</WorkSpeedGlobal>
			<SocialImpact>0.1</SocialImpact>
			<ArmorRating_Blunt>0.05</ArmorRating_Blunt>
			<ArmorRating_Sharp>0.15</ArmorRating_Sharp>
            <ATR_MaintenanceRetention>0.75</ATR_MaintenanceRetention>
			<Mass>32.5</Mass>
		</statBases>
		<tools>
			<li>
				<label>right fist</label>
				<capacities>
					<li>Blunt</li>
				</capacities>
				<power>3</power>
				<cooldownTime>2</cooldownTime>
				<linkedBodyPartsGroup>RightHand</linkedBodyPartsGroup>
				<surpriseAttack>
					<extraMeleeDamages>
						<li>
							<def>Stun</def>
							<amount>7</amount>
						</li>
					</extraMeleeDamages>
				</surpriseAttack>
			</li>
			<li>
				<label>left fist</label>
				<capacities>
					<li>Blunt</li>
				</capacities>
				<power>3</power>
				<cooldownTime>2</cooldownTime>
				<linkedBodyPartsGroup>LeftHand</linkedBodyPartsGroup>
				<surpriseAttack>
					<extraMeleeDamages>
						<li>
							<def>Stun</def>
							<amount>7</amount>
						</li>
					</extraMeleeDamages>
				</surpriseAttack>
			</li>
			<li>
				<label>head</label>
				<capacities>
					<li>Blunt</li>
				</capacities>
				<power>2</power>
				<cooldownTime>2</cooldownTime>
				<linkedBodyPartsGroup>HeadAttackTool</linkedBodyPartsGroup>
                <ensureLinkedBodyPartsGroupAlwaysUsable>true</ensureLinkedBodyPartsGroupAlwaysUsable>
				<chanceFactor>0.2</chanceFactor>
			</li>
		</tools>
		<race>
			<body>ATR_AndroidBody</body>
			<baseHealthScale>0.8</baseHealthScale>
			<baseHungerRate>1.2</baseHungerRate>
			<baseBodySize>0.5</baseBodySize>
		</race>
		<modExtensions>
			<li Class="ATReforged.ATR_MechTweaker">
                <droneSkillLevel>8</droneSkillLevel>
			</li>
		</modExtensions>
		<butcherProducts>
            <Steel>30</Steel>
			<Plasteel>15</Plasteel>
			<ComponentIndustrial>2</ComponentIndustrial>
		</butcherProducts>
	</AlienRace.ThingDef_AlienRace>

</Defs>