﻿<?xml version="1.0" encoding="utf-8" ?>
<Defs>

	<ThingDef ParentName="ATR_MechanicalAnimalThingBase">
		<defName>ATR_DroneTORT</defName>
		<label>TORT unit</label>
		<description>Based on ancient treaded multi-terrain vehicles and the strangely successful biological species of tortoises, the Treaded Object for Retrieval and Transport - or TORT - is a heavily armored hollowed out mechanical drone programmed to relocate goods similar to ancient forklifts or serve as long-range land carriers. \n\nThe unit's size and hollow nature allows it to transport people as well as standard cargos, and have on several occasions been used in search and rescue and in smuggling operations.</description>
		<statBases>
			<MoveSpeed>3.60</MoveSpeed>
			<MarketValue>300</MarketValue>
			<ArmorRating_Sharp>0.80</ArmorRating_Sharp>
			<ArmorRating_Blunt>0.50</ArmorRating_Blunt>
            <ArmorRating_Heat>0.80</ArmorRating_Heat>
		</statBases>
		<tools>
			<li>
				<label>head</label>
				<capacities>
					<li>Blunt</li>
				</capacities>
				<power>8</power>
				<cooldownTime>1.65</cooldownTime>
				<linkedBodyPartsGroup>HeadAttackTool</linkedBodyPartsGroup>
			</li>
		</tools>
		<race>
			<body>ATR_MechQuadrupedal</body>
			<packAnimal>true</packAnimal>
			<baseBodySize>2.4</baseBodySize>
			<baseHealthScale>2</baseHealthScale>
            <baseHungerRate>0.25</baseHungerRate>
			<nameOnTameChance>1</nameOnTameChance>
			<trainability>Advanced</trainability>
			<lifeStageAges>
				<li>
					<def>AnimalAdult</def>
					<minAge>0.0</minAge>
					<soundWounded>Pawn_Muffalo_Wounded</soundWounded>
					<soundDeath>Pawn_Muffalo_Death</soundDeath>
				</li>
			</lifeStageAges>
			<soundMeleeHitPawn>Pawn_Melee_BigBash_HitPawn</soundMeleeHitPawn>
			<soundMeleeHitBuilding>Pawn_Melee_BigBash_HitBuilding</soundMeleeHitBuilding>
			<soundMeleeMiss>Pawn_Melee_BigBash_Miss</soundMeleeMiss>
		</race>
		<butcherProducts>
			<Steel>40</Steel>
			<Plasteel>10</Plasteel>
			<ComponentIndustrial>2</ComponentIndustrial>
		</butcherProducts>
	</ThingDef>

	<PawnKindDef ParentName="ATR_MechanicalAnimalKindBase">
		<defName>ATR_DroneTORT</defName>
		<label>TORT unit</label>
		<race>ATR_DroneTORT</race>
        <combatPower>20</combatPower>
		<canArriveManhunter>false</canArriveManhunter>
		<ecoSystemWeight>0.5</ecoSystemWeight>
		<defaultFactionType>PlayerColony</defaultFactionType>
		<lifeStages>
			<li>
				<bodyGraphicData>
					<texPath>Things/Pawns/Animals/DroneTORT/DroneTORT</texPath>
					<drawSize>2.5</drawSize>
					<shadowData>
						<volume>(0.8, 0.6, 0.6)</volume>
						<offset>(0,0,-0.3)</offset>
					</shadowData>
				</bodyGraphicData>
				<dessicatedBodyGraphicData>
					<texPath>Things/Pawns/Animals/DroneTORT/DroneTORT</texPath>
					<drawSize>2.2</drawSize>
				</dessicatedBodyGraphicData>
			</li>
		</lifeStages>
	</PawnKindDef>

</Defs>
