<?xml version="1.0" encoding="utf-8" ?>
<Defs>

    <!-- Childhoods -->

	<BackstoryDef>
		<defName>ATR_MechChildhoodDrone</defName>
		<title>Drone</title>
		<titleShort>Drone</titleShort>
		<baseDesc>Drone "childhoods" are as uninteresting as they are often forgotten. Many creators don't bother marking the moment of awakening, and no drone knows its own history.</baseDesc>
		<slot>Childhood</slot>
		<spawnCategories>
			<li>ATR_Drone</li>
		</spawnCategories>
		<workDisables>
			<li>Animals</li>
            <li>Social</li>
            <li>Artistic</li>
            <li>Intellectual</li>
		</workDisables>
	</BackstoryDef>

	<BackstoryDef>
		<defName>ATR_MechChildhoodFreshBlank</defName>
		<title>Fresh Blank</title>
		<titleShort>Unit</titleShort>
		<baseDesc>{PAWN_nameDef} was created to be a perfectly blank slate, ready for its next owner to form its first and only memories with.</baseDesc>
		<slot>Childhood</slot>
		<spawnCategories>
			<li>ATR_GeneralAndroids</li>
            <li>SurrogateSoldier</li>
		</spawnCategories>
	</BackstoryDef>

    <!-- Adulthoods -->

	<BackstoryDef>
		<defName>ATR_MechAdulthoodDrone</defName>
		<title>Drone</title>
		<titleShort>Drone</titleShort>
		<baseDesc>{PAWN_nameDef} is a drone that continues to serve based on {PAWN_possessive} programming. There's no way of knowing how many times that programming has changed, but the drone does not seem bothered by this.</baseDesc>
		<slot>Adulthood</slot>
		<spawnCategories>
			<li>ATR_Drone</li>
		</spawnCategories>
	</BackstoryDef>

    <BackstoryDef>
        <defName>ATR_MechAdulthoodBlank</defName>
        <title>Adult Blank</title>
		<titleShort>Unit</titleShort>
		<baseDesc>This unit has neither intelligence nor memory. It is entirely devoid of character and utility.</baseDesc>
		<slot>Adulthood</slot>
        <spawnCategories>
            <li>SurrogateSoldier</li>
        </spawnCategories>
    </BackstoryDef>

</Defs>