<?xml version="1.0" encoding="utf-8" ?>
<Defs>

	<BackstoryDef>
		<defName>ATR_NewbootChildhood</defName>
		<title>Mechanical unit</title>
		<titleShort>Unit</titleShort>
		<baseDesc>{PAWN_nameDef} first awakened on this RimWorld as a fresh intelligence.</baseDesc>
		<slot>Childhood</slot>
		<spawnCategories>
			<li>ATR_NewbootAndroids</li>
		</spawnCategories>
	</BackstoryDef>

    <AlienRace.AlienBackstoryDef>
		<defName>ATR_NewbootAdulthood</defName>
		<title>Mechanical unit</title>
		<titleShort>Unit</titleShort>
		<baseDesc>{PAWN_nameDef} has only known this RimWorld, and was "born" a member of this society. The future is both uncertain and undecided for {PAWN_nameDef}.</baseDesc>
		<slot>Adulthood</slot>
		<spawnCategories>
			<li>ATR_NewbootAndroids</li>
		</spawnCategories>
	</AlienRace.AlienBackstoryDef>

	<BackstoryDef>
		<defName>ATR_FractalVictim</defName>
		<title>Fractal Witness</title>
		<titleShort>Witness</titleShort>
		<baseDesc>{PAWN_nameDef} remembers leading a normal life, until one day, something came for {PAWN_objective}. It tore through walls, through people, through everything, to reach {PAWN_objective}. The last thing {PAWN_pronoun} remembers is the howling. And now, somehow, {PAWN_nameDef} is here, alive, but... changed.</baseDesc>
		<slot>Adulthood</slot>
		<spawnCategories>
			<li>ATR_FractalWitness</li>
		</spawnCategories>
		<skillGains>
            <li>
                <key>Crafting</key>
                <value>4</value>
            </li>
            <li>
                <key>Artistic</key>
                <value>4</value>
            </li>
            <li>
                <key>Medicine</key>
                <value>4</value>
            </li>
			<li>
				<key>Social</key>
				<value>4</value>
			</li>
			<li>
				<key>Intellectual</key>
				<value>4</value>
			</li>
		</skillGains>
	</BackstoryDef>

</Defs>