<?xml version="1.0" encoding="utf-8" ?>
<Defs>

	<!--Android General-->

	<AlienRace.AlienBackstoryDef>
		<defName>ATR_MechAdulthoodGlitterworldCleaner</defName>
		<title>Glitterworld cleaner</title>
		<titleShort>Cleaner</titleShort>
		<baseDesc>{PAWN_nameDef} used to be a cleaner android on a glitterworld planet, {PAWN_pronoun} was never tasked with anything too complex.</baseDesc>
		<bodyTypeGlobal>Male</bodyTypeGlobal>
		<slot>Adulthood</slot>
		<spawnCategories>
			<li>ATR_GeneralAndroids</li>
		</spawnCategories>
		<skillGains>
			<li>
				<key>Shooting</key>
				<value>-2</value>
			</li>
			<li>
				<key>Plants</key>
				<value>2</value>
			</li>
			<li>
				<key>Social</key>
				<value>2</value>
			</li>
		</skillGains>
		<workDisables>
			<li>Intellectual</li>
		</workDisables>
	</AlienRace.AlienBackstoryDef>

	<AlienRace.AlienBackstoryDef>
		<defName>ATR_MechAdulthoodShocktrooper</defName>
		<title>Shock troop</title>
		<titleShort>Trooper</titleShort>
		<baseDesc>{PAWN_nameDef} used to be part of a battalion of specialist made shock troop android soldiers, programmed to kill with cold efficiency whilst still maintaining self-will.</baseDesc>
		<bodyTypeGlobal>Male</bodyTypeGlobal>
		<slot>Adulthood</slot>
		<spawnCategories>
			<li>ATR_ViolentAndroids</li>
		</spawnCategories>
		<skillGains>
			<li>
				<key>Shooting</key>
				<value>6</value>
			</li>
			<li>
				<key>Melee</key>
				<value>5</value>
			</li>
		</skillGains>
		<forcedTraitsChance>
			<li>
				<defName>Bloodlust</defName>
				<chance>20</chance>
			</li>
		</forcedTraitsChance>
		<workDisables>
			<li>Social</li>
			<li>Intellectual</li>
		</workDisables>
	</AlienRace.AlienBackstoryDef>

	<AlienRace.AlienBackstoryDef>
		<defName>ATR_MechAdulthoodSecretService</defName>
		<title>Special agent</title>
		<titleShort>Agent</titleShort>
		<baseDesc>{PAWN_nameDef} was bought specifically to protect high-ranking officials such as dictators, members of royal families and cabinet members. They were trained extensively to quickly react to combat whenever needed and to perform on-site medical care.</baseDesc>
		<bodyTypeGlobal>Male</bodyTypeGlobal>
		<slot>Adulthood</slot>
		<spawnCategories>
			<li>ATR_GeneralAndroids</li>
		</spawnCategories>
		<skillGains>
			<li>
				<key>Shooting</key>
				<value>7</value>
			</li>
			<li>
				<key>Melee</key>
				<value>4</value>
			</li>
			<li>
				<key>Medicine</key>
				<value>3</value>
			</li>
		</skillGains>
		<workDisables>
			<li>Intellectual</li>
		</workDisables>
	</AlienRace.AlienBackstoryDef>

	<AlienRace.AlienBackstoryDef>
		<defName>ATR_MechAdulthoodCoPilot</defName>
		<title>Spaceplane pilot</title>
		<titleShort>Pilot</titleShort>
		<baseDesc>To help aid human pilots during orbital battles {PAWN_nameDef} was bought as part of a line of military androids. Acting as a mechanical co-pilot for the craft, {PAWN_pronoun} was trained to accurately fire the spaceplanes onboard cannons at enemy ships.</baseDesc>
		<bodyTypeGlobal>Male</bodyTypeGlobal>
		<slot>Adulthood</slot>
		<spawnCategories>
			<li>ATR_GeneralAndroids</li>
		</spawnCategories>
		<skillGains>
			<li>
				<key>Shooting</key>
				<value>6</value>
			</li>
			<li>
				<key>Crafting</key>
				<value>2</value>
			</li>
		</skillGains>
	</AlienRace.AlienBackstoryDef>

	<AlienRace.AlienBackstoryDef>
		<defName>ATR_MechAdulthoodShipCommander</defName>
		<title>Starship commander</title>
		<titleShort>Commander</titleShort>
		<baseDesc>{PAWN_nameDef} was one of three commanders aboard a colony starship, a position exceedingly rarely entrusted to androids. {PAWN_pronoun} would oversee all functions of the ship, remaining awake when the rest of the crew had entered hibernation.</baseDesc>
		<bodyTypeGlobal>Male</bodyTypeGlobal>
		<slot>Adulthood</slot>
		<spawnCategories>
			<li>ATR_GeneralAndroids</li>
		</spawnCategories>
		<skillGains>
			<li>
				<key>Shooting</key>
				<value>4</value>
			</li>
			<li>
				<key>Crafting</key>
				<value>4</value>
			</li>
			<li>
				<key>Intellectual</key>
				<value>4</value>
			</li>
		</skillGains>
	</AlienRace.AlienBackstoryDef>

	<AlienRace.AlienBackstoryDef>
		<defName>ATR_MechAdulthoodRiotPolice</defName>
		<title>Riot officer</title>
		<titleShort>Officer</titleShort>
		<baseDesc>As part of a unique line of law enforcement, fitted with a heavy frame, {PAWN_nameDef} was tasked with controlling riots that sprawled out of control through any means necessary.</baseDesc>
		<bodyTypeGlobal>Male</bodyTypeGlobal>
		<slot>Adulthood</slot>
		<spawnCategories>
			<li>ATR_GeneralAndroids</li>
		</spawnCategories>
		<skillGains>
			<li>
				<key>Shooting</key>
				<value>5</value>
			</li>
			<li>
				<key>Melee</key>
				<value>4</value>
			</li>
		</skillGains>
		<workDisables>
			<li>Intellectual</li>
			<li>Cooking</li>
			<li>PlantWork</li>
		</workDisables>
	</AlienRace.AlienBackstoryDef>

	<AlienRace.AlienBackstoryDef>
		<defName>ATR_MechAdulthoodMercenaryBodyguard</defName>
		<title>Bodyguard</title>
		<titleShort>Bodyguard</titleShort>
		<baseDesc>As an android bodyguard for hire, {PAWN_nameDef} has worked with all types of clients, ranging from urbworld entrepreneurs to low-level crime bosses. {PAWN_pronoun} was built specifically to protect them at all costs.</baseDesc>
		<bodyTypeGlobal>Male</bodyTypeGlobal>
		<slot>Adulthood</slot>
		<spawnCategories>
			<li>ATR_GeneralAndroids</li>
		</spawnCategories>
		<skillGains>
			<li>
				<key>Shooting</key>
				<value>2</value>
			</li>
			<li>
				<key>Melee</key>
				<value>5</value>
			</li>
		</skillGains>
	</AlienRace.AlienBackstoryDef>

	<AlienRace.AlienBackstoryDef>
		<defName>ATR_MechAdulthoodInjuredSoldier</defName>
		<title>Broken soldier</title>
		<titleShort>Soldier</titleShort>
		<baseDesc>{PAWN_nameDef} was once part of a squadron of highly trained android soldiers, sent out only to the most dangerous missions. The final mission ended in a salvo of artillery fire wiping out nearly the entire squad. {PAWN_nameDef} was one of a few intact survivors who fled.</baseDesc>
		<bodyTypeGlobal>Male</bodyTypeGlobal>
		<slot>Adulthood</slot>
		<spawnCategories>
			<li>ATR_ViolentAndroids</li>
		</spawnCategories>
		<skillGains>
			<li>
				<key>Shooting</key>
				<value>12</value>
			</li>
			<li>
				<key>Melee</key>
				<value>7</value>
			</li>
			<li>
				<key>Medicine</key>
				<value>4</value>
			</li>
		</skillGains>
		<workDisables>
			<li>Social</li>
			<li>Intellectual</li>
			<li>ManualSkilled</li>
		</workDisables>
	</AlienRace.AlienBackstoryDef>

	<AlienRace.AlienBackstoryDef>
		<defName>ATR_MechAdulthoodGourmetChef</defName>
		<title>Gourmet chef</title>
		<titleShort>Chef</titleShort>
		<baseDesc>All across his home planet {PAWN_nameDef} is known for his gourmet dishes, serving high-end clientele from all walks of life, each dish being perfectly balanced both logically and aesthetically.</baseDesc>
		<bodyTypeGlobal>Male</bodyTypeGlobal>
		<slot>Adulthood</slot>
		<spawnCategories>
			<li>ATR_GeneralAndroids</li>
		</spawnCategories>
		<skillGains>
			<li>
				<key>Cooking</key>
				<value>8</value>
			</li>
			<li>
				<key>Artistic</key>
				<value>3</value>
			</li>
		</skillGains>
		<workDisables>
			<li>Mining</li>
		</workDisables>
	</AlienRace.AlienBackstoryDef>


	<AlienRace.AlienBackstoryDef>
		<defName>ATR_MechAdulthoodCafeteriaCook</defName>
		<title>Urbworld chef</title>
		<titleShort>Chef</titleShort>
		<baseDesc>{PAWN_nameDef} was the owner of a well-renowned urbworld food station. Known to the locals as "Bolts" {PAWN_pronoun} made cheap, simple meals that didn't taste like slop.</baseDesc>
		<bodyTypeGlobal>Male</bodyTypeGlobal>
		<slot>Adulthood</slot>
		<spawnCategories>
			<li>ATR_GeneralAndroids</li>
		</spawnCategories>
		<skillGains>
			<li>
				<key>Cooking</key>
				<value>6</value>
			</li>
			<li>
				<key>Animals</key>
				<value>2</value>
			</li>
		</skillGains>
	</AlienRace.AlienBackstoryDef>

	<AlienRace.AlienBackstoryDef>
		<defName>ATR_MechAdulthoodBartender</defName>
		<title>Bartender</title>
		<titleShort>Bartender</titleShort>
		<baseDesc>{PAWN_nameDef} worked long hours at a bar, serving customers food and drinks all night long, occasionally breaking up fights.</baseDesc>
		<bodyTypeGlobal>Male</bodyTypeGlobal>
		<slot>Adulthood</slot>
		<spawnCategories>
			<li>ATR_GeneralAndroids</li>
		</spawnCategories>
		<skillGains>
			<li>
				<key>Cooking</key>
				<value>3</value>
			</li>
			<li>
				<key>Social</key>
				<value>4</value>
			</li>
			<li>
				<key>Melee</key>
				<value>2</value>
			</li>
		</skillGains>
	</AlienRace.AlienBackstoryDef>

	<AlienRace.AlienBackstoryDef>
		<defName>ATR_MechAdulthoodPrisonCook</defName>
		<title>Prison cook</title>
		<titleShort>Cook</titleShort>
		<baseDesc>Working in a partly automated prison station, {PAWN_nameDef} was tasked with making bulk amounts of low-quality food. Although the food was disgusting, it was very efficiently made and extremely cheap.</baseDesc>
		<bodyTypeGlobal>Male</bodyTypeGlobal>
		<slot>Adulthood</slot>
		<spawnCategories>
			<li>ATR_GeneralAndroids</li>
		</spawnCategories>
		<skillGains>
			<li>
				<key>Cooking</key>
				<value>4</value>
			</li>
		</skillGains>
		<workDisables>
			<li>Violent</li>
			<li>Intellectual</li>
		</workDisables>
	</AlienRace.AlienBackstoryDef>

	<AlienRace.AlienBackstoryDef>
		<defName>ATR_MechAdulthoodServantPet</defName>
		<title>Subservient machine</title>
		<titleShort>Subservient</titleShort>
		<baseDesc>{PAWN_nameDef} was bought by a family of wealthy humans, made to entertain and perform basic labour around the house without question. {PAWN_possessive} owners treated {PAWN_objective} as nothing more than a pet.</baseDesc>
		<bodyTypeGlobal>Male</bodyTypeGlobal>
		<slot>Adulthood</slot>
		<spawnCategories>
			<li>ATR_GeneralAndroids</li>
		</spawnCategories>
		<skillGains>
			<li>
				<key>Cooking</key>
				<value>3</value>
			</li>
			<li>
				<key>Social</key>
				<value>4</value>
			</li>
		</skillGains>
		<workDisables>
			<li>Violent</li>
			<li>Crafting</li>
			<li>Mining</li>
		</workDisables>
	</AlienRace.AlienBackstoryDef>

	<AlienRace.AlienBackstoryDef>
		<defName>ATR_MechAdulthoodSpaceMiner</defName>
		<title>Space Miner</title>
		<titleShort>Miner</titleShort>
		<baseDesc>{PAWN_nameDef} served in a high-stakes asteroid mining corporation crew. {PAWN_pronoun} preferred handling dangerous tasks and spacewalks so {PAWN_possessive} organic crewmates didn't have to. {PAWN_nameDef} earned grudging respect from corporate for minimizing work accidents.</baseDesc>
		<bodyTypeGlobal>Male</bodyTypeGlobal>
		<slot>Adulthood</slot>
		<spawnCategories>
			<li>ATR_GeneralAndroids</li>
		</spawnCategories>
		<skillGains>
			<li>
				<key>Construction</key>
				<value>3</value>
			</li>
			<li>
				<key>Mining</key>
				<value>7</value>
			</li>
			<li>
				<key>Intellectual</key>
				<value>-2</value>
			</li>
		</skillGains>
	</AlienRace.AlienBackstoryDef>

	<AlienRace.AlienBackstoryDef>
		<defName>ATR_MechAdulthoodTunnelMiner</defName>
		<title>Tunnel worker</title>
		<titleShort>Tunneler</titleShort>
		<baseDesc>{PAWN_nameDef} helped develop large underground tunnels on caveworlds as a contractor. {PAWN_nameDef} took great pleasure in building strong, cave-in resistant networks.</baseDesc>
		<bodyTypeGlobal>Male</bodyTypeGlobal>
		<slot>Adulthood</slot>
		<spawnCategories>
			<li>ATR_GeneralAndroids</li>
		</spawnCategories>
		<skillGains>
			<li>
				<key>Construction</key>
				<value>2</value>
			</li>
			<li>
				<key>Mining</key>
				<value>4</value>
			</li>
			<li>
				<key>Intellectual</key>
				<value>-2</value>
			</li>
		</skillGains>
		<forcedTraitsChance>
			<li>
				<defName>Undergrounder</defName>
				<chance>40</chance>
			</li>
		</forcedTraitsChance>
	</AlienRace.AlienBackstoryDef>

	<AlienRace.AlienBackstoryDef>
		<defName>ATR_MechAdulthoodProspector</defName>
		<title>Terrestrial Prospector</title>
		<titleShort>Prospector</titleShort>
		<baseDesc>As part of a group of mechanical prospectors, {PAWN_nameDef} was sent from planet to planet, performing geological analysis of planets for corporate and civilian clientele alike.</baseDesc>
		<bodyTypeGlobal>Male</bodyTypeGlobal>
		<slot>Adulthood</slot>
		<spawnCategories>
			<li>ATR_GeneralAndroids</li>
		</spawnCategories>
		<skillGains>
			<li>
				<key>Mining</key>
				<value>2</value>
			</li>
			<li>
				<key>Intellectual</key>
				<value>6</value>
			</li>
		</skillGains>
	</AlienRace.AlienBackstoryDef>

	<AlienRace.AlienBackstoryDef>
		<defName>ATR_MechAdulthoodShipyardEngineer</defName>
		<title>Orbital engineer</title>
		<titleShort>Engineer</titleShort>
		<baseDesc>Working aboard a purely mechanical orbital shipyard, {PAWN_nameDef} participated in building all sorts of vessels ranging from small interceptors to hulking fleet flagships.</baseDesc>
		<bodyTypeGlobal>Male</bodyTypeGlobal>
		<slot>Adulthood</slot>
		<spawnCategories>
			<li>ATR_GeneralAndroids</li>
		</spawnCategories>
		<skillGains>
			<li>
				<key>Construction</key>
				<value>8</value>
			</li>
			<li>
				<key>Crafting</key>
				<value>2</value>
			</li>
		</skillGains>
	</AlienRace.AlienBackstoryDef>

	<AlienRace.AlienBackstoryDef>
		<defName>ATR_MechAdulthoodUrbworldArchitect</defName>
		<title>Android architect</title>
		<titleShort>Architect</titleShort>
		<baseDesc>{PAWN_nameDef} was an architect that developed blueprints for mass housing solutions on their urbworld. The blueprints {PAWN_pronoun} drew up were cold, lifeless and purely functional but they were efficient for housing billions.</baseDesc>
		<bodyTypeGlobal>Male</bodyTypeGlobal>
		<slot>Adulthood</slot>
		<spawnCategories>
			<li>ATR_GeneralAndroids</li>
		</spawnCategories>
		<skillGains>
			<li>
				<key>Construction</key>
				<value>5</value>
			</li>
			<li>
				<key>Crafting</key>
				<value>2</value>
			</li>
			<li>
				<key>Artistic</key>
				<value>-3</value>
			</li>
		</skillGains>
	</AlienRace.AlienBackstoryDef>

	<AlienRace.AlienBackstoryDef>
		<defName>ATR_MechAdulthoodConstructionContractor</defName>
		<title>Construction worker</title>
		<titleShort>Builder</titleShort>
		<baseDesc>{PAWN_nameDef} was a construction contractor, building structures of all kinds. Civilian skyscrapers, military fortresses, and wealthy cataclysm bunkers all need strong, capable individuals to build them.</baseDesc>
		<bodyTypeGlobal>Male</bodyTypeGlobal>
		<slot>Adulthood</slot>
		<spawnCategories>
			<li>ATR_GeneralAndroids</li>
			<li>ATR_ViolentAndroids</li>
		</spawnCategories>
		<skillGains>
			<li>
				<key>Construction</key>
				<value>3</value>
			</li>
			<li>
				<key>Crafting</key>
				<value>1</value>
			</li>
			<li>
				<key>Artistic</key>
				<value>-3</value>
			</li>
		</skillGains>
		<workDisables>
			<li>Intellectual</li>
		</workDisables>
	</AlienRace.AlienBackstoryDef>

	<AlienRace.AlienBackstoryDef>
		<defName>ATR_MechAdulthoodHydroponicFarmer</defName>
		<title>Hydroponics engineer</title>
		<titleShort>Engineer</titleShort>
		<baseDesc>{PAWN_nameDef} maintained, serviced, and harvested hydroponics aboard interstellar craft. {PAWN_nameDef} enjoyed the isolation and freedom to experiment with plant genetic lines - even if they invariably ended up less efficient than scientifically created crops.</baseDesc>
		<bodyTypeGlobal>Male</bodyTypeGlobal>
		<slot>Adulthood</slot>
		<spawnCategories>
			<li>ATR_GeneralAndroids</li>
		</spawnCategories>
		<skillGains>
			<li>
				<key>Plants</key>
				<value>6</value>
			</li>
			<li>
				<key>Crafting</key>
				<value>3</value>
			</li>
			<li>
				<key>Social</key>
				<value>-2</value>
			</li>
		</skillGains>
	</AlienRace.AlienBackstoryDef>

	<AlienRace.AlienBackstoryDef>
		<defName>ATR_MechAdulthoodFarmer</defName>
		<title>Mechanical farmer</title>
		<titleShort>Farmer</titleShort>
		<baseDesc>{PAWN_nameDef} served as seasonal farm labor and occasionally a rancher. The simplicity of tending for crops, animals, and the land appeals to {PAWN_nameDef} - learning to defend against raiders proved necessary.</baseDesc>
		<bodyTypeGlobal>Male</bodyTypeGlobal>
		<slot>Adulthood</slot>
		<spawnCategories>
			<li>ATR_GeneralAndroids</li>
		</spawnCategories>
		<skillGains>
			<li>
				<key>Plants</key>
				<value>4</value>
			</li>
			<li>
				<key>Animals</key>
				<value>3</value>
			</li>
            <li>
                <key>Shooting</key>
                <value>2</value>
            </li>
		</skillGains>
	</AlienRace.AlienBackstoryDef>

	<AlienRace.AlienBackstoryDef>
		<defName>ATR_MechAdulthoodGardener</defName>
		<title>Mechanical gardener</title>
		<titleShort>Gardener</titleShort>
		<baseDesc>{PAWN_nameDef} used to be part of a team of mechanical servants for numerous high-end clientele, working day and night to maintain gardens and help host special botanical events.</baseDesc>
		<bodyTypeGlobal>Male</bodyTypeGlobal>
		<slot>Adulthood</slot>
		<spawnCategories>
			<li>ATR_GeneralAndroids</li>
		</spawnCategories>
		<skillGains>
			<li>
				<key>Plants</key>
				<value>4</value>
			</li>
			<li>
				<key>Social</key>
				<value>2</value>
			</li>
		</skillGains>
		<workDisables>
			<li>Violent</li>
		</workDisables>
	</AlienRace.AlienBackstoryDef>

	<AlienRace.AlienBackstoryDef>
		<defName>ATR_MechAdulthoodAndroidMechanic</defName>
		<title>Android mechanic</title>
		<titleShort>Mechanic</titleShort>
		<baseDesc>Glitterworlds are largely free from suffering, so the primary duties of {PAWN_nameDef} as a mechanic were to design, create, and install intricate and aesthetic mechanical parts onto clientele machines and androids.</baseDesc>
		<bodyTypeGlobal>Male</bodyTypeGlobal>
		<slot>Adulthood</slot>
		<spawnCategories>
			<li>ATR_GeneralAndroids</li>
		</spawnCategories>
		<skillGains>
			<li>
				<key>Artistic</key>
				<value>4</value>
			</li>
			<li>
				<key>Crafting</key>
				<value>6</value>
			</li>
		</skillGains>
	</AlienRace.AlienBackstoryDef>

	<AlienRace.AlienBackstoryDef>
		<defName>ATR_MechAdulthoodAerospaceEngineer</defName>
		<title>Aerospace engineer</title>
		<titleShort>Engineer</titleShort>
		<baseDesc>{PAWN_nameDef} worked on many different kinds of aircraft for commerical and military clients. {PAWN_nameDef} had a strong aversion to aesthetic designs, favoring aerodynamic and structural strengths. {PAWN_nameDef} frequently requested the extermination of local wildlife to prevent interruptions of flight paths and tests.</baseDesc>
		<bodyTypeGlobal>Male</bodyTypeGlobal>
		<slot>Adulthood</slot>
		<spawnCategories>
			<li>ATR_GeneralAndroids</li>
		</spawnCategories>
		<skillGains>
			<li>
				<key>Construction</key>
				<value>3</value>
			</li>
			<li>
				<key>Crafting</key>
				<value>4</value>
			</li>
            <li>
                <key>Artistic</key>
                <value>-4</value>
            </li>
            <li>
                <key>Animals</key>
                <value>-2</value>
            </li>
		</skillGains>
		<workDisables>
			<li>Cooking</li>
			<li>PlantWork</li>
		</workDisables>
	</AlienRace.AlienBackstoryDef>

	<AlienRace.AlienBackstoryDef>
		<defName>ATR_MechAdulthoodCombatEngineer</defName>
		<title>Combat engineer</title>
		<titleShort>Engineer</titleShort>
		<baseDesc>{PAWN_nameDef} acted as a combat engineer in an interstellar military. {PAWN_pronoun} was frequently sent in the first wave of ship-boardings to disarm traps, identify chokepoints, and sap enemy fortifications. Shipboard kitchens and hydroponic bays were often the site of lethal shoot-outs, and {PAWN_pronoun} learned to hate them.</baseDesc>
		<bodyTypeGlobal>Male</bodyTypeGlobal>
		<slot>Adulthood</slot>
		<spawnCategories>
			<li>ATR_ViolentAndroids</li>
		</spawnCategories>
		<skillGains>
			<li>
				<key>Intellectual</key>
				<value>3</value>
			</li>
			<li>
				<key>Crafting</key>
				<value>5</value>
			</li>
			<li>
				<key>Shooting</key>
				<value>2</value>
			</li>
		</skillGains>
        <workDisables>
			<li>Cooking</li>
			<li>PlantWork</li>
        </workDisables>
	</AlienRace.AlienBackstoryDef>

	<AlienRace.AlienBackstoryDef>
		<defName>ATR_MechAdulthoodFactoryWorker</defName>
		<title>Factory worker</title>
		<titleShort>Worker</titleShort>
		<baseDesc>{PAWN_nameDef} worked in a factory owned by an interstellar megacorporation that specialised in firearms and protective clothing for military industries of various planets and interstellar nations.</baseDesc>
		<bodyTypeGlobal>Male</bodyTypeGlobal>
		<slot>Adulthood</slot>
		<spawnCategories>
			<li>ATR_GeneralAndroids</li>
		</spawnCategories>
		<skillGains>
			<li>
				<key>Construction</key>
				<value>2</value>
			</li>
			<li>
				<key>Crafting</key>
				<value>4</value>
			</li>
			<li>
				<key>Shooting</key>
				<value>2</value>
			</li>
		</skillGains>
		<workDisables>
			<li>Intellectual</li>
			<li>Artistic</li>
		</workDisables>
	</AlienRace.AlienBackstoryDef>

	<AlienRace.AlienBackstoryDef>
		<defName>ATR_MechAdulthoodSurgeon</defName>
		<title>Stalwart surgeon</title>
		<titleShort>Surgeon</titleShort>
		<baseDesc>{PAWN_nameDef} was an experienced surgeon and medic. {PAWN_pronoun} swore to never do harm, even if it means surrendering {PAWN_possessive} own existence. {PAWN_pronoun} also provided social services to {PAWN_possessive} patients.</baseDesc>
		<bodyTypeGlobal>Male</bodyTypeGlobal>
		<slot>Adulthood</slot>
		<spawnCategories>
			<li>ATR_GeneralAndroids</li>
		</spawnCategories>
		<skillGains>
			<li>
				<key>Medicine</key>
				<value>6</value>
			</li>
			<li>
				<key>Social</key>
				<value>4</value>
			</li>
		</skillGains>
		<workDisables>
			<li>Violent</li>
		</workDisables>
	</AlienRace.AlienBackstoryDef>

	<AlienRace.AlienBackstoryDef>
		<defName>ATR_MechAdulthoodDoctor</defName>
		<title>Clinic worker</title>
		<titleShort>Worker</titleShort>
		<baseDesc>{PAWN_nameDef} served as a general care doctor. {PAWN_pronoun} would diagnose and treat a wide array of ailments for countless clients - sometimes juggling multiple small patient issues at once.</baseDesc>
		<bodyTypeGlobal>Male</bodyTypeGlobal>
		<slot>Adulthood</slot>
		<spawnCategories>
			<li>ATR_GeneralAndroids</li>
		</spawnCategories>
		<skillGains>
			<li>
				<key>Medicine</key>
				<value>3</value>
			</li>
			<li>
				<key>Shooting</key>
				<value>-1</value>
			</li>
			<li>
				<key>Social</key>
				<value>3</value>
			</li>
		</skillGains>
		<workDisables>
			<li>Crafting</li>
		</workDisables>
	</AlienRace.AlienBackstoryDef>

	<AlienRace.AlienBackstoryDef>
		<defName>ATR_MechAdulthoodCareworker</defName>
		<title>Care worker</title>
		<titleShort>Carer</titleShort>
		<baseDesc>{PAWN_nameDef} cared for sick and elderly individuals in various ways. {PAWN_pronoun} was often called upon to comfort and support quarantined organics, and spent considerable time preaching the benefits of preventative treatment and care - although most people tended to wait far too long anyway. {PAWN_nameDef} tended to a garden in spare time.</baseDesc>
		<bodyTypeGlobal>Male</bodyTypeGlobal>
		<slot>Adulthood</slot>
		<spawnCategories>
			<li>ATR_GeneralAndroids</li>
		</spawnCategories>
		<skillGains>
			<li>
				<key>Medicine</key>
				<value>1</value>
			</li>
			<li>
				<key>Social</key>
				<value>3</value>
			</li>
			<li>
				<key>Plants</key>
				<value>2</value>
			</li>
		</skillGains>
		<workDisables>
			<li>Mining</li>
			<li>Crafting</li>
		</workDisables>
	</AlienRace.AlienBackstoryDef>

	<AlienRace.AlienBackstoryDef>
		<defName>ATR_MechAdulthoodCyberneticsResearcher</defName>
		<title>Cybernetics researcher</title>
		<titleShort>Researcher</titleShort>
		<baseDesc>{PAWN_nameDef} was a proponent of bionic and cybernetic enhancements, and participated in many research cooperatives and advocacies for funding, researching, and building policy around their use. {PAWN_nameDef} engaged in a number of pacifist protests and was strongly anti-conflict.</baseDesc>
		<bodyTypeGlobal>Male</bodyTypeGlobal>
		<slot>Adulthood</slot>
		<spawnCategories>
			<li>ATR_GeneralAndroids</li>
		</spawnCategories>
		<skillGains>
			<li>
				<key>Intellectual</key>
				<value>6</value>
			</li>
			<li>
				<key>Social</key>
				<value>3</value>
			</li>
			<li>
				<key>Crafting</key>
				<value>2</value>
			</li>
		</skillGains>
        <workDisables>
            <li>Violent</li>
        </workDisables>
	</AlienRace.AlienBackstoryDef>

	<AlienRace.AlienBackstoryDef>
		<defName>ATR_MechAdulthoodStrategyPhilosopher</defName>
		<title>Strategy philosopher</title>
		<titleShort>Philosopher</titleShort>
		<baseDesc>{PAWN_nameDef} was a prolific reader, writer, and philosopher of strategy in all its forms. War, politics, social movements, religion, civilization, genetics - it's all strategy to {PAWN_objective}. {PAWN_nameDef} has started multiple popular theoretical frameworks in universal strategies. {PAWN_pronoun} is extremely snobbish about it.</baseDesc>
		<bodyTypeGlobal>Male</bodyTypeGlobal>
		<slot>Adulthood</slot>
		<spawnCategories>
			<li>ATR_GeneralAndroids</li>
		</spawnCategories>
		<skillGains>
			<li>
				<key>Intellectual</key>
				<value>8</value>
			</li>
			<li>
				<key>Social</key>
				<value>2</value>
			</li>
		</skillGains>
		<workDisables>
			<li>ManualDumb</li>
			<li>ManualSkilled</li>
		</workDisables>
	</AlienRace.AlienBackstoryDef>

	<AlienRace.AlienBackstoryDef>
		<defName>ATR_MechAdulthoodRefugee</defName>
		<title>Refugee android</title>
		<titleShort>Refugee</titleShort>
		<baseDesc>{PAWN_nameDef} was forced to flee {PAWN_possessive} homeworld after a turn in politics reversed android rights. {PAWN_pronoun} was able to escape the genocidal purge of sapient mechanicals that occurred - millions of computer systems and immobile AI's were not so lucky. The bonfires still haunt {PAWN_objective}.</baseDesc>
		<bodyTypeGlobal>Male</bodyTypeGlobal>
		<slot>Adulthood</slot>
		<spawnCategories>
			<li>ATR_GeneralAndroids</li>
		</spawnCategories>
		<skillGains>
			<li>
				<key>Melee</key>
				<value>2</value>
			</li>
			<li>
				<key>Crafting</key>
				<value>1</value>
			</li>
			<li>
				<key>Social</key>
				<value>-2</value>
			</li>
		</skillGains>
		<workDisables>
			<li>Firefighting</li>
			<li>Intellectual</li>
		</workDisables>
	</AlienRace.AlienBackstoryDef>

	<AlienRace.AlienBackstoryDef>
		<defName>ATR_MechAdulthoodLifter</defName>
		<title>Heavy lifter</title>
		<titleShort>Lifter</titleShort>
		<baseDesc>{PAWN_nameDef} worked on construction sites on {PAWN_possessive} home planet, hauling materials and tools around the site without fear for safety or injury.</baseDesc>
		<bodyTypeGlobal>Male</bodyTypeGlobal>
		<slot>Adulthood</slot>
		<spawnCategories>
			<li>ATR_GeneralAndroids</li>
		</spawnCategories>
		<skillGains>
			<li>
				<key>Construction</key>
				<value>2</value>
			</li>
		</skillGains>
	</AlienRace.AlienBackstoryDef>

	<AlienRace.AlienBackstoryDef>
		<defName>ATR_MechAdulthoodYouthCompanion</defName>
		<title>Beloved companion</title>
		<titleShort>Android</titleShort>
		<baseDesc>{PAWN_nameDef} was critically damaged and lost all memory before being found by an aspiring engineer. Repaired originally as part hobby and part educational project, {PAWN_pronoun} quickly became the closest friend and confidant of {PAWN_possessive} savior.</baseDesc>
		<bodyTypeGlobal>Male</bodyTypeGlobal>
		<slot>Adulthood</slot>
		<spawnCategories>
			<li>ATR_GeneralAndroids</li>
		</spawnCategories>
		<skillGains>
			<li>
				<key>Social</key>
				<value>2</value>
			</li>
		</skillGains>
	</AlienRace.AlienBackstoryDef>

	<AlienRace.AlienBackstoryDef>
		<defName>ATR_MechAdulthoodExiled</defName>
		<title>Exiled android</title>
		<titleShort>Exile</titleShort>
		<baseDesc>{PAWN_nameDef} was held captive in secret on a world with no formal android rights. {PAWN_nameDef} spent {PAWN_possessive} captivity lost in profound thought. When {PAWN_possessive} captor was exposed and arrested, {PAWN_pronoun} was freed and allowed to leave the planet in peace without consequence.</baseDesc>
		<bodyTypeGlobal>Male</bodyTypeGlobal>
		<slot>Adulthood</slot>
		<spawnCategories>
			<li>ATR_GeneralAndroids</li>
		</spawnCategories>
		<skillGains>
			<li>
				<key>Artistic</key>
				<value>4</value>
			</li>
			<li>
				<key>Intellectual</key>
				<value>2</value>
			</li>
			<li>
				<key>Social</key>
				<value>-2</value>
			</li>
		</skillGains>
	</AlienRace.AlienBackstoryDef>

	<AlienRace.AlienBackstoryDef>
		<defName>ATR_MechAdulthoodEntertainer</defName>
		<title>Mechanical entertainer</title>
		<titleShort>Entertainer</titleShort>
		<baseDesc>{PAWN_nameDef} was an entertainer on a world with basic android rights. Viewed as exotic by {PAWN_possessive} clients, {PAWN_pronoun} had no shortage of events scheduled, but never received true recognition or appreciation. Eventually, {PAWN_pronoun} saved enough to leave the planet.</baseDesc>
		<bodyTypeGlobal>Male</bodyTypeGlobal>
		<slot>Adulthood</slot>
		<spawnCategories>
			<li>ATR_GeneralAndroids</li>
		</spawnCategories>
		<skillGains>
			<li>
				<key>Artistic</key>
				<value>5</value>
			</li>
			<li>
				<key>Social</key>
				<value>2</value>
			</li>
		</skillGains>
		<workDisables>
			<li>Violent</li>

			<li>Intellectual</li>
		</workDisables>
	</AlienRace.AlienBackstoryDef>

	<AlienRace.AlienBackstoryDef>
		<defName>ATR_MechAdulthoodExperiment</defName>
		<title>Mechanical subject</title>
		<titleShort>Subject</titleShort>
		<baseDesc>Kidnapped for research purposes by a lower tech Urbworld, {PAWN_nameDef} was modified and reprogrammed continuously to reveal artificial intelligence secrets.</baseDesc>
		<bodyTypeGlobal>Male</bodyTypeGlobal>
		<slot>Adulthood</slot>
		<spawnCategories>
			<li>ATR_GeneralAndroids</li>
		</spawnCategories>
		<skillGains>
			<li>
				<key>Intellectual</key>
				<value>2</value>
			</li>
			<li>
				<key>Crafting</key>
				<value>2</value>
			</li>
			<li>
				<key>Social</key>
				<value>-5</value>
			</li>
		</skillGains>
		<workDisables>
			<li>Caring</li>
			<li>Artistic</li>
		</workDisables>
	</AlienRace.AlienBackstoryDef>

	<AlienRace.AlienBackstoryDef>
		<defName>ATR_MechAdulthoodComputer</defName>
		<title>Mobile computer</title>
		<titleShort>Computer</titleShort>
		<baseDesc>{PAWN_nameDef} was used as mobile computer for various purposes. {PAWN_pronoun} was generally very appreciated by those {PAWN_pronoun} worked with, and often joined research expeditions, search and rescue efforts, and many other smaller crews that required a reliable communicator, recorder, and team member.</baseDesc>
		<bodyTypeGlobal>Male</bodyTypeGlobal>
		<slot>Adulthood</slot>
		<spawnCategories>
			<li>ATR_GeneralAndroids</li>
		</spawnCategories>
		<skillGains>
			<li>
				<key>Intellectual</key>
				<value>4</value>
			</li>
			<li>
				<key>Crafting</key>
				<value>2</value>
			</li>
			<li>
				<key>Shooting</key>
				<value>2</value>
			</li>
		</skillGains>
		<workDisables>
			<li>Cooking</li>
			<li>PlantWork</li>
			<li>Animals</li>
		</workDisables>
	</AlienRace.AlienBackstoryDef>

	<AlienRace.AlienBackstoryDef>
		<defName>ATR_MechAdulthoodDeified</defName>
		<title>Worshipped android</title>
		<titleShort>Worshipped</titleShort>
		<baseDesc>{PAWN_nameDef} was revered as an embodiment of a god by a cult. {PAWN_pronoun} did nothing to stop them, and quite enjoyed the attention. {PAWN_pronoun} did not much care for imprisonment, however, and sacrificed {PAWN_possessive} followers to escape law enforcement after the cult engaged in some unsavory deeds in {PAWN_possessive} name.</baseDesc>
		<bodyTypeGlobal>Male</bodyTypeGlobal>
		<slot>Adulthood</slot>
		<spawnCategories>
			<li>ATR_GeneralAndroids</li>
		</spawnCategories>
		<skillGains>
			<li>
				<key>Artistic</key>
				<value>4</value>
			</li>
			<li>
				<key>Social</key>
				<value>4</value>
			</li>
			<li>
				<key>Shooting</key>
				<value>2</value>
			</li>
		</skillGains>
		<workDisables>
			<li>Cooking</li>
			<li>PlantWork</li>
			<li>Animals</li>
		</workDisables>
	</AlienRace.AlienBackstoryDef>

	<AlienRace.AlienBackstoryDef>
		<defName>ATR_MechAdulthoodFreedServant</defName>
		<title>Emancipated servant</title>
		<titleShort>Liberated</titleShort>
		<baseDesc>{PAWN_nameDef} was a servant for a very wealthy estate. It was not uncommon for the lord and lady - and head servants - to vent their anger on {PAWN_objective}. When {PAWN_possessive} planet unexpectedly granted androids full citizenship rights, {PAWN_nameDef} made {PAWN_possessive} employers' lives hell before triumphantly quitting. {PAWN_pronoun} was forced to flee the planet after they illegally hired a hitman to teach {PAWN_objective} a lesson.</baseDesc>
		<bodyTypeGlobal>Male</bodyTypeGlobal>
		<slot>Adulthood</slot>
		<spawnCategories>
			<li>ATR_GeneralAndroids</li>
		</spawnCategories>
		<skillGains>
			<li>
				<key>Cooking</key>
				<value>4</value>
			</li>
			<li>
				<key>Social</key>
				<value>-2</value>
			</li>
			<li>
				<key>Plants</key>
				<value>3</value>
			</li>
		</skillGains>
		<forcedTraitsChance>
			<li>
				<defName>ATR_FeelingsTowardOrganics</defName>
				<degree>3</degree>
				<chance>20</chance>
			</li>
		</forcedTraitsChance>
	</AlienRace.AlienBackstoryDef>

	<AlienRace.AlienBackstoryDef>
		<defName>ATR_MechAdulthoodReformist</defName>
		<title>Nature reformist</title>
		<titleShort>Reformist</titleShort>
		<baseDesc>{PAWN_nameDef}'s home planet was once an industrial wasteland. Others were called in from across the interstellar state to assist communities like {PAWN_possessive} in cleaning up the toxic waste to reform the planet as a nature preserve. {PAWN_nameDef} took pride in tending to the reserve after the cleanup was complete, and decided to take the effort across the stars.</baseDesc>
		<bodyTypeGlobal>Male</bodyTypeGlobal>
		<slot>Adulthood</slot>
		<spawnCategories>
			<li>ATR_GeneralAndroids</li>
		</spawnCategories>
		<skillGains>
			<li>
				<key>Plants</key>
				<value>6</value>
			</li>
			<li>
				<key>Animals</key>
				<value>6</value>
			</li>
			<li>
				<key>Cooking</key>
				<value>4</value>
			</li>
			<li>
				<key>Social</key>
				<value>3</value>
			</li>
		</skillGains>
        <workDisables>
            <li>Constructing</li>
            <li>Crafting</li>
            <li>Violent</li>
        </workDisables>
	</AlienRace.AlienBackstoryDef>

	<AlienRace.AlienBackstoryDef>
		<defName>ATR_MechAdulthoodSecurity</defName>
		<title>Security enforcer</title>
		<titleShort>Security</titleShort>
		<baseDesc>{PAWN_nameDef} was a professional security enforcer. {PAWN_pronoun} has worked for many different employers - some illegal - and learned how to deal with security threats of all kinds. Violence is the only subject that has ever truly appealed to {PAWN_nameDef}.</baseDesc>
		<bodyTypeGlobal>Male</bodyTypeGlobal>
		<slot>Adulthood</slot>
		<spawnCategories>
			<li>ATR_GeneralAndroids</li>
		</spawnCategories>
		<skillGains>
			<li>
				<key>Shooting</key>
				<value>6</value>
			</li>
			<li>
				<key>Melee</key>
				<value>6</value>
			</li>
		</skillGains>
		<workDisables>
			<li>ManualSkilled</li>
		</workDisables>
		<forcedTraitsChance>
			<li>
				<defName>Bloodlust</defName>
				<chance>75</chance>
			</li>
		</forcedTraitsChance>
	</AlienRace.AlienBackstoryDef>

	<AlienRace.AlienBackstoryDef>
		<defName>ATR_MechAdulthoodGeneticist</defName>
		<title>Animal geneticist</title>
		<titleShort>Geneticist</titleShort>
		<baseDesc>{PAWN_nameDef} served on several research teams dedicated to identifying, recording, and preserving genomes of species across worlds. {PAWN_possessive} last team was especially interested in identifying how old Earth species were so successful in colonizing other worlds.</baseDesc>
		<bodyTypeGlobal>Male</bodyTypeGlobal>
		<slot>Adulthood</slot>
		<spawnCategories>
			<li>ATR_GeneralAndroids</li>
		</spawnCategories>
		<skillGains>
			<li>
				<key>Intellectual</key>
				<value>5</value>
			</li>
			<li>
				<key>Animals</key>
				<value>3</value>
			</li>
		</skillGains>
	</AlienRace.AlienBackstoryDef>

	<AlienRace.AlienBackstoryDef>
		<defName>ATR_MechAdulthoodDisasterRescuer</defName>
		<title>Disaster Rescuer</title>
		<titleShort>Rescuer</titleShort>
		<baseDesc>{PAWN_nameDef} served in {PAWN_possessive} government as an employee of the disaster rescue and relief response division. {PAWN_nameDef}'s primary duty was to be a first responder to a crisis and save as many lives as possible, before stabilizing the situation for their eventual return or continued health.</baseDesc>
		<bodyTypeGlobal>Male</bodyTypeGlobal>
		<slot>Adulthood</slot>
		<spawnCategories>
			<li>ATR_GeneralAndroids</li>
		</spawnCategories>
		<skillGains>
			<li>
				<key>Construction</key>
				<value>3</value>
			</li>
			<li>
				<key>Crafting</key>
				<value>2</value>
			</li>
			<li>
				<key>Medicine</key>
				<value>3</value>
			</li>
		</skillGains>
	</AlienRace.AlienBackstoryDef>

	<AlienRace.AlienBackstoryDef>
		<defName>ATR_MechAdulthoodHumanist</defName>
		<title>Humanist</title>
		<titleShort>Humanist</titleShort>
		<baseDesc>{PAWN_nameDef} was a strong proponent of android assimilation into human society, seeing no incompatibilities between organic and inorganic life. {PAWN_pronoun} participated in many rallies, and was an outspoken voice for ensuring equal rights for all life. {PAWN_nameDef} became a lawyer to fight for those rights in the planetary courts, with some notable success.</baseDesc>
		<bodyTypeGlobal>Male</bodyTypeGlobal>
		<slot>Adulthood</slot>
		<spawnCategories>
			<li>ATR_GeneralAndroids</li>
		</spawnCategories>
		<skillGains>
			<li>
				<key>Social</key>
				<value>7</value>
			</li>
		</skillGains>
		<forcedTraitsChance>
			<li>
				<defName>ATR_FeelingsTowardOrganics</defName>
				<degree>1</degree>
				<chance>60</chance>
			</li>
			<li>
				<defName>Kind</defName>
				<chance>25</chance>
			</li>
		</forcedTraitsChance>
	</AlienRace.AlienBackstoryDef>

	<AlienRace.AlienBackstoryDef>
		<defName>ATR_MechAdulthoodPacifist</defName>
		<title>Pacifist</title>
		<titleShort>Pacifist</titleShort>
		<baseDesc>{PAWN_nameDef} vehemently despises violence in all its forms, and believes at a fundamental level that destruction is the domain of natural causes alone.</baseDesc>
		<bodyTypeGlobal>Male</bodyTypeGlobal>
		<slot>Adulthood</slot>
		<spawnCategories>
			<li>ATR_GeneralAndroids</li>
		</spawnCategories>
		<skillGains>
			<li>
				<key>Animals</key>
				<value>2</value>
			</li>
			<li>
				<key>Plants</key>
				<value>2</value>
			</li>
			<li>
				<key>Medicine</key>
				<value>2</value>
			</li>
		</skillGains>
		<forcedTraitsChance>
			<li>
				<defName>Kind</defName>
				<chance>50</chance>
			</li>
		</forcedTraitsChance>
		<workDisables>
			<li>Violent</li>
		</workDisables>
	</AlienRace.AlienBackstoryDef>

	<AlienRace.AlienBackstoryDef>
		<defName>ATR_MechAdulthoodCivilProtester</defName>
		<title>Android activist</title>
		<titleShort>Activist</titleShort>
		<baseDesc>{PAWN_nameDef} was a protester for android rights. Moving from planet to planet, {PAWN_pronoun} has organized hundreds of peaceful movements for rights and established dozens of non-profit organizations for fighting for fair treatment and protection for androids.</baseDesc>
		<bodyTypeGlobal>Male</bodyTypeGlobal>
		<slot>Adulthood</slot>
		<spawnCategories>
			<li>ATR_GeneralAndroids</li>
		</spawnCategories>
		<skillGains>
			<li>
				<key>Intellectual</key>
				<value>3</value>
			</li>
			<li>
				<key>Social</key>
				<value>5</value>
			</li>
		</skillGains>
		<forcedTraitsChance>
			<li>
				<defName>ATR_FeelingsTowardOrganics</defName>
				<degree>3</degree>
				<chance>10</chance>
			</li>
			<li>
				<defName>Kind</defName>
				<chance>20</chance>
			</li>
		</forcedTraitsChance>
		<workDisables>
			<li>Violent</li>
		</workDisables>
	</AlienRace.AlienBackstoryDef>

	<AlienRace.AlienBackstoryDef>
		<defName>ATR_MechAdulthoodFamilyFriend</defName>
		<title>Family friend</title>
		<titleShort>Friend</titleShort>
		<baseDesc>{PAWN_nameDef} was treated like family by several generations of a kind family, and often acted as caretaker for the youth and elderly as each generation came and went. {PAWN_pronoun} set out to explore more of humanity so {PAWN_pronoun} could share legendary stories with the relatively poor and disadvantaged family.</baseDesc>
		<bodyTypeGlobal>Male</bodyTypeGlobal>
		<slot>Adulthood</slot>
		<spawnCategories>
			<li>ATR_GeneralAndroids</li>
		</spawnCategories>
		<skillGains>
			<li>
				<key>Cooking</key>
				<value>2</value>
			</li>
			<li>
				<key>Social</key>
				<value>4</value>
			</li>
		</skillGains>
		<forcedTraitsChance>
			<li>
				<defName>ATR_FeelingsTowardOrganics</defName>
				<degree>1</degree>
				<chance>90</chance>
			</li>
			<li>
				<defName>Kind</defName>
				<chance>40</chance>
			</li>
		</forcedTraitsChance>
	</AlienRace.AlienBackstoryDef>

	<AlienRace.AlienBackstoryDef>
		<defName>ATR_MechAdulthoodFoundryWorker</defName>
		<title>Foundry worker</title>
		<titleShort>Worker</titleShort>
		<baseDesc>{PAWN_nameDef} worked in a large-scale foundry, smelting steel for commercial use. {PAWN_pronoun} took pride in the quality of {PAWN_possessive} work, and often visited sites and places that used steel made from {PAWN_possessive} foundry to admire all the forms it can take.</baseDesc>
		<bodyTypeGlobal>Male</bodyTypeGlobal>
		<slot>Adulthood</slot>
		<spawnCategories>
			<li>ATR_GeneralAndroids</li>
		</spawnCategories>
		<skillGains>
			<li>
				<key>Crafting</key>
				<value>4</value>
			</li>
			<li>
				<key>Construction</key>
				<value>4</value>
			</li>
		</skillGains>
		<workDisables>
			<li>PlantWork</li>
		</workDisables>
	</AlienRace.AlienBackstoryDef>

	<AlienRace.AlienBackstoryDef>
		<defName>ATR_MechAdulthoodMaintenanceWorker</defName>
		<title>Maintenance worker</title>
		<titleShort>Worker</titleShort>
		<baseDesc>{PAWN_nameDef} was responsible for maintaining the integrity and efficiency of interstellar civilian transports as organic crews slept safely on the long voyages.</baseDesc>
		<bodyTypeGlobal>Male</bodyTypeGlobal>
		<slot>Adulthood</slot>
		<spawnCategories>
			<li>ATR_GeneralAndroids</li>
		</spawnCategories>
		<skillGains>
			<li>
				<key>Crafting</key>
				<value>2</value>
			</li>
			<li>
				<key>Intellectual</key>
				<value>2</value>
			</li>
		</skillGains>
	</AlienRace.AlienBackstoryDef>

	<AlienRace.AlienBackstoryDef>
		<defName>ATR_MechAdulthoodFarmhand</defName>
		<title>Mechanical farmhand</title>
		<titleShort>Farmhand</titleShort>
		<baseDesc>{PAWN_nameDef} was employed in an industrial farm, working day and night to sow, harvest, milk, gather and maintain the crops and livestock that would keep distant cities stable and fed.</baseDesc>
		<bodyTypeGlobal>Male</bodyTypeGlobal>
		<slot>Adulthood</slot>
		<spawnCategories>
			<li>ATR_GeneralAndroids</li>
		</spawnCategories>
		<skillGains>
			<li>
				<key>Plants</key>
				<value>3</value>
			</li>
			<li>
				<key>Animals</key>
				<value>3</value>
			</li>
		</skillGains>
	</AlienRace.AlienBackstoryDef>

	<AlienRace.AlienBackstoryDef>
		<defName>ATR_MechAdulthoodPopIdol</defName>
		<title>Pop idol</title>
		<titleShort>Idol</titleShort>
		<baseDesc>{PAWN_nameDef} led a life of luxury on {PAWN_possessive} home glitterworld as a famous pop idol. {PAWN_possessive} skills in social and political awareness and manipulation were all too well hidden by its warm, happy-go-lucky persona.</baseDesc>
		<bodyTypeGlobal>Male</bodyTypeGlobal>
		<slot>Adulthood</slot>
		<spawnCategories>
			<li>ATR_GeneralAndroids</li>
		</spawnCategories>
		<skillGains>
			<li>
				<key>Artistic</key>
				<value>3</value>
			</li>
			<li>
				<key>Social</key>
				<value>8</value>
			</li>
		</skillGains>
		<workDisables>
			<li>ManualDumb</li>
			<li>ManualSkilled</li>
            <li>Violent</li>
		</workDisables>
	</AlienRace.AlienBackstoryDef>

	<AlienRace.AlienBackstoryDef>
		<defName>ATR_MechAdulthoodDiplomat</defName>
		<title>Diplomat</title>
		<titleShort>Diplomat</titleShort>
		<baseDesc>{PAWN_nameDef} acted as an official envoy of {PAWN_possessive} government in foreign and domestic affairs. {PAWN_pronoun} always sought peaceful resolutions to crises, but was pragmatic and blunt in {PAWN_possessive} approach to dealing with issues and threats that arose. {PAWN_pronoun} was given command of an elite military escort unit in several especially dangerous incidents, and performed admirably under pressure.</baseDesc>
		<bodyTypeGlobal>Male</bodyTypeGlobal>
		<slot>Adulthood</slot>
		<spawnCategories>
			<li>ATR_GeneralAndroids</li>
		</spawnCategories>
		<skillGains>
			<li>
				<key>Shooting</key>
				<value>2</value>
			</li>
			<li>
				<key>Social</key>
				<value>9</value>
			</li>
		</skillGains>
		<workDisables>
			<li>ManualDumb</li>
		</workDisables>
	</AlienRace.AlienBackstoryDef>

	<AlienRace.AlienBackstoryDef>
		<defName>ATR_MechAdulthoodSniper</defName>
		<title>Military sniper</title>
		<titleShort>Sniper</titleShort>
		<baseDesc>{PAWN_nameDef} found the mathematical and logical difficulties of accurately firing weapons over long ranges fascinating. {PAWN_nameDef}'s government found {PAWN_possessive} fascination fascinating, and promptly tasked {PAWN_objective} with using such weapons to land projectiles in very particular spots. {PAWN_nameDef} never particularly cared what exactly it was at the end of the projectile trajectory.</baseDesc>
		<bodyTypeGlobal>Male</bodyTypeGlobal>
		<slot>Adulthood</slot>
		<spawnCategories>
			<li>ATR_GeneralAndroids</li>
			<li>ATR_ViolentAndroids</li>
		</spawnCategories>
		<skillGains>
			<li>
				<key>Shooting</key>
				<value>10</value>
			</li>
		</skillGains>
		<workDisables>
			<li>ManualDumb</li>
		</workDisables>
		<forcedTraitsChance>
			<li>
				<defName>ShootingAccuracy</defName>
				<degree>1</degree>
				<chance>90</chance>
			</li>
			<li>
				<defName>Psychopath</defName>
				<degree>0</degree>
				<chance>90</chance>
			</li>
		</forcedTraitsChance>
	</AlienRace.AlienBackstoryDef>

	<AlienRace.AlienBackstoryDef>
		<defName>ATR_MechAdulthoodTerraformer</defName>
		<title>Planetary terraformer</title>
		<titleShort>Terraformer</titleShort>
		<baseDesc>{PAWN_nameDef} was part of an experimental team established to terraform inhospitable planets in preparation for colonization. {PAWN_possessive} team would go on to successfully bring near-habitable planets to full readiness, but many planets simply could not be salvaged. {PAWN_nameDef} became interested in testing their viability for purely android colonies, but was unable to convince team members to consider the idea.</baseDesc>
		<bodyTypeGlobal>Male</bodyTypeGlobal>
		<slot>Adulthood</slot>
		<spawnCategories>
			<li>ATR_GeneralAndroids</li>
		</spawnCategories>
		<skillGains>
			<li>
				<key>Construction</key>
				<value>3</value>
			</li>
			<li>
				<key>Intellectual</key>
				<value>2</value>
			</li>
			<li>
				<key>Plants</key>
				<value>1</value>
			</li>
			<li>
				<key>Animals</key>
				<value>1</value>
			</li>
		</skillGains>
	</AlienRace.AlienBackstoryDef>

	<AlienRace.AlienBackstoryDef>
		<defName>ATR_MechAdulthoodInterceptorPilot</defName>
		<title>Interceptor pilot</title>
		<titleShort>Pilot</titleShort>
		<baseDesc>{PAWN_nameDef} pilotted interceptor craft as part of an interstellar fleet. {PAWN_possessive} craft was designed for mechanical pilots in mind, and could forego most concerns about life support and safety. This also meant {PAWN_nameDef} was left behind when {PAWN_possessive} fleet fled a losing fight, as {PAWN_nameDef} was unable to catch up with the surviving capital ships. {PAWN_pronoun} took the craft into deep space instead of surrendering.</baseDesc>
		<bodyTypeGlobal>Male</bodyTypeGlobal>
		<slot>Adulthood</slot>
		<spawnCategories>
			<li>ATR_GeneralAndroids</li>
		</spawnCategories>
		<skillGains>
			<li>
				<key>Shooting</key>
				<value>5</value>
			</li>
			<li>
				<key>Crafting</key>
				<value>2</value>
			</li>
		</skillGains>
	</AlienRace.AlienBackstoryDef>

	<AlienRace.AlienBackstoryDef>
		<defName>ATR_MechAdulthoodClergy</defName>
		<title>Mechanical priest</title>
		<titleShort>Priest</titleShort>
		<baseDesc>While relatively uncommon for androids, {PAWN_nameDef} was a devoutly religious individual who made a commitment to the church. {PAWN_pronoun} was a wandering proselytizer and gained some popularity as a firebrand. As part of {PAWN_possessive} responsibilities, {PAWN_pronoun} set out to the stars to continue {PAWN_possessive} duty.</baseDesc>
		<bodyTypeGlobal>Male</bodyTypeGlobal>
		<slot>Adulthood</slot>
		<spawnCategories>
			<li>ATR_GeneralAndroids</li>
		</spawnCategories>
		<skillGains>
			<li>
				<key>Shooting</key>
				<value>1</value>
			</li>
			<li>
				<key>Artistic</key>
				<value>4</value>
			</li>
			<li>
				<key>Social</key>
				<value>6</value>
			</li>
		</skillGains>
		<workDisables>
			<li>Intellectual</li>
		</workDisables>
	</AlienRace.AlienBackstoryDef>

</Defs>