﻿<?xml version="1.0" encoding="utf-8"?>
<Defs>

  <TraderKindDef>
    <defName>Visitor_AndroidCollective_Standard</defName>
    <label>trader</label>
    <stockGenerators>
      <li Class="StockGenerator_SingleDef">
        <thingDef>Silver</thingDef>
        <countRange>
          <min>50</min>
          <max>250</max>
        </countRange>
      </li>
      <li Class="StockGenerator_SingleDef">
        <thingDef>ComponentIndustrial</thingDef>
				<countRange>
          <min>-2</min>
          <max>5</max>
        </countRange>
      </li>
			<li Class="StockGenerator_SingleDef">
				<thingDef>MealSurvivalPack</thingDef>
				<countRange>
					<min>3</min>
					<max>6</max>
				</countRange>
			</li>
      <li Class="StockGenerator_SingleDef">
        <thingDef>ATR_PartPack</thingDef>
        <countRange>
          <min>1</min>
          <max>6</max>
        </countRange>
      </li>
      <li Class="StockGenerator_WeaponsRanged">
        <countRange>
          <min>0</min>
          <max>1</max>
        </countRange>
      </li>
      <li Class="StockGenerator_Category">
        <categoryDef>Drugs</categoryDef>
				<thingDefCountRange>
          <min>-1</min>
          <max>1</max>
        </thingDefCountRange>
        <totalPriceRange>
          <min>100</min>
          <max>300</max>
        </totalPriceRange>
      </li>
      <li Class="StockGenerator_Clothes">
        <countRange>
          <min>0</min>
          <max>1</max>
        </countRange>
      </li>
      <li Class="StockGenerator_BuyExpensiveSimple" />
      <li Class="StockGenerator_BuyTradeTag"><tag>Art</tag></li>
      <li Class="StockGenerator_BuyTradeTag"><tag>ImplantEmpireCommon</tag></li>
      <li Class="StockGenerator_BuyTradeTag"><tag>ImplantEmpireRoyal</tag></li>
      <li Class="StockGenerator_BuyTradeTag"><tag>ExoticBuilding</tag></li>
      <li Class="StockGenerator_MultiDef">
        <thingDefs>
          <li>Cloth</li>
          <li>Chocolate</li>
        </thingDefs>
      </li>
    </stockGenerators>
  </TraderKindDef>

</Defs>
