<?xml version="1.0" encoding="utf-8"?>
<Defs>
	<AlienRace.ThingDef_AlienRace ParentName="ATR_BaseMechanicalPawn">
		<defName>Tier1Android</defName>
		<label>T1 Android</label>
		<description>Tier one androids are simply humanlike-machines, designed to mimic the general image and minimal capabilities of humanity. Lacking true sapience, many view them like very intelligent and responsive animals. This often leads to their exploitation as fodder or belittlement as pets, of which the dutiful drones pay no heed. Their existence is to serve, and they do so uncomplainingly.</description>
		<alienRace>
			<graphicPaths>
				<li>
					<body>Things/Pawns/Humanlikes/Tier1/body/</body>
					<head>Things/Pawns/Humanlikes/Tier1/head/</head>
				</li>
			</graphicPaths>
		</alienRace>
        <uiIconPath>Things/Pawns/Humanlikes/Tier1/head/None_Average_Normal_south</uiIconPath>
		<statBases>
			<MarketValue>1400</MarketValue>
			<MoveSpeed>3.00</MoveSpeed>
			<ComfyTemperatureMin>-30</ComfyTemperatureMin>
			<ComfyTemperatureMax>35</ComfyTemperatureMax>
			<MentalBreakThreshold>0.08</MentalBreakThreshold>
			<GlobalLearningFactor>0.4</GlobalLearningFactor>
			<WorkSpeedGlobal>0.55</WorkSpeedGlobal>
			<SocialImpact>0.1</SocialImpact>
			<ArmorRating_Blunt>0.10</ArmorRating_Blunt>
			<ArmorRating_Sharp>0.15</ArmorRating_Sharp>
			<Mass>32.5</Mass>
		</statBases>
		<tools>
			<li>
				<label>right fist</label>
				<capacities>
					<li>Blunt</li>
				</capacities>
				<power>3</power>
				<cooldownTime>1.2</cooldownTime>
				<linkedBodyPartsGroup>RightHand</linkedBodyPartsGroup>
				<surpriseAttack>
					<extraMeleeDamages>
						<li>
							<def>Stun</def>
							<amount>22</amount>
						</li>
					</extraMeleeDamages>
				</surpriseAttack>
			</li>
			<li>
				<label>left fist</label>
				<capacities>
					<li>Blunt</li>
				</capacities>
				<power>3</power>
				<cooldownTime>1.2</cooldownTime>
				<linkedBodyPartsGroup>LeftHand</linkedBodyPartsGroup>
				<surpriseAttack>
					<extraMeleeDamages>
						<li>
							<def>Stun</def>
							<amount>22</amount>
						</li>
					</extraMeleeDamages>
				</surpriseAttack>
			</li>
			<li>
				<label>head</label>
				<capacities>
					<li>Blunt</li>
				</capacities>
				<power>3</power>
				<cooldownTime>1.2</cooldownTime>
				<linkedBodyPartsGroup>HeadAttackTool</linkedBodyPartsGroup>
                <ensureLinkedBodyPartsGroupAlwaysUsable>true</ensureLinkedBodyPartsGroupAlwaysUsable>
				<chanceFactor>0.2</chanceFactor>
			</li>
		</tools>
		<race>
			<body>ATR_AndroidBody</body>
			<baseHealthScale>0.8</baseHealthScale>
			<baseHungerRate>1.5</baseHungerRate>
			<baseBodySize>0.5</baseBodySize>
		</race>
		<butcherProducts>
            <Steel>30</Steel>
			<Plasteel>15</Plasteel>
			<ComponentIndustrial>2</ComponentIndustrial>
		</butcherProducts>
	</AlienRace.ThingDef_AlienRace>
</Defs>