<?xml version="1.0" encoding="utf-8"?>
<Defs>
	<AlienRace.ThingDef_AlienRace ParentName="ATR_BaseMechanicalPawn">
		<defName>Tier4Android</defName>
		<label>T4 Android</label>
		<description>The pinnacle of known android theory and practice, the class of tier four androids is marked by the possession of a special AI persona core. While these cores are archotech technology, the chassis and internals are all glitterworld technology - there is no known method for the creation of an archotech chassis. \n\nTier four androids are a cut above the rest, and they know it too - ego complexes and disdain toward lesser tiers are very common amongst them.</description>
		<alienRace>
			<graphicPaths>
				<li>
					<body>Things/Pawns/Humanlikes/Tier4/body/</body>
					<head>Things/Pawns/Humanlikes/Tier4/head/</head>
				</li>
			</graphicPaths>
		</alienRace>
        <uiIconPath>Things/Pawns/Humanlikes/Tier4/head/None_Average_Normal_south</uiIconPath>
		<statBases>
			<MarketValue>6000</MarketValue>
			<MoveSpeed>7.20</MoveSpeed>
			<PsychicSensitivity>0.5</PsychicSensitivity>
			<ComfyTemperatureMin>-70</ComfyTemperatureMin>
			<ComfyTemperatureMax>70</ComfyTemperatureMax>
			<MentalBreakThreshold>0.2</MentalBreakThreshold>
			<GlobalLearningFactor>2</GlobalLearningFactor>
			<WorkSpeedGlobal>1.5</WorkSpeedGlobal>
			<SocialImpact>1.5</SocialImpact>
			<ArmorRating_Blunt>0.40</ArmorRating_Blunt>
			<ArmorRating_Sharp>0.50</ArmorRating_Sharp>
			<Mass>72.5</Mass>
		</statBases>
		<tools>
			<li>
				<label>right fist</label>
				<capacities>
					<li>Blunt</li>
				</capacities>
				<power>20</power>
				<cooldownTime>1.2</cooldownTime>
				<linkedBodyPartsGroup>RightHand</linkedBodyPartsGroup>
				<surpriseAttack>
					<extraMeleeDamages>
						<li>
							<def>Stun</def>
							<amount>22</amount>
						</li>
					</extraMeleeDamages>
				</surpriseAttack>
			</li>
			<li>
				<label>left fist</label>
				<capacities>
					<li>Blunt</li>
				</capacities>
				<power>20</power>
				<cooldownTime>1.2</cooldownTime>
				<linkedBodyPartsGroup>LeftHand</linkedBodyPartsGroup>
				<surpriseAttack>
					<extraMeleeDamages>
						<li>
							<def>Stun</def>
							<amount>22</amount>
						</li>
					</extraMeleeDamages>
				</surpriseAttack>
			</li>
			<li>
				<label>head</label>
				<capacities>
					<li>Blunt</li>
				</capacities>
				<power>15</power>
				<cooldownTime>1.2</cooldownTime>
				<linkedBodyPartsGroup>HeadAttackTool</linkedBodyPartsGroup>
                <ensureLinkedBodyPartsGroupAlwaysUsable>true</ensureLinkedBodyPartsGroupAlwaysUsable>
				<chanceFactor>0.2</chanceFactor>
			</li>
		</tools>
		<race>
			<body>ATR_AndroidBody</body>
			<baseHealthScale>1.2</baseHealthScale>
			<baseHungerRate>0.8</baseHungerRate>
			<baseBodySize>1.1</baseBodySize>
		</race>
		<butcherProducts>
			<Plasteel>80</Plasteel>
			<ComponentIndustrial>10</ComponentIndustrial>
            <ComponentSpacer>4</ComponentSpacer>
			<AIPersonaCore>1</AIPersonaCore>
		</butcherProducts>
	</AlienRace.ThingDef_AlienRace>
</Defs>