<?xml version="1.0" encoding="utf-8"?>
<Defs>
    
	<AlienRace.ThingDef_AlienRace ParentName="ATR_BaseMSeriesPawn">
		<defName>M7Mech</defName>
		<label>M7 Mechanised infantry</label>
		<description>A form of mechanized infantry, produced during an ancient time on this rimworld. These units are very strong, powerful war machines but are subsequently slow and have limited battery to them.</description>
		<alienRace>
			<generalSettings>
				<alienPartGenerator>
					<alienbodytypes>
						<li>Male</li>
					</alienbodytypes>
					<borderScale>2</borderScale>
					<atlasScale>2</atlasScale>
					<colorChannels>
						<li>
							<name>skin</name>
							<first Class="ColorGenerator_Options">
								<options>
									<li>
										<weight>5</weight>
										<only>RGBA(0.36,0.36,0.36,1)</only>
									</li>
									<li>
										<weight>5</weight>
										<only>RGBA(0.3,0.3,0.3,1)</only>
									</li>
									<li>
										<weight>5</weight>
										<only>RGBA(0.25,0.25,0.25,1)</only>
									</li>
								</options>
							</first>
							<second Class="ColorGenerator_Options">
								<options>
									<li>
										<weight>5</weight>
										<only>RGBA(0.36,0.36,0.36,1)</only>
									</li>
									<li>
										<weight>5</weight>
										<only>RGBA(0.3,0.3,0.3,1)</only>
									</li>
									<li>
										<weight>5</weight>
										<only>RGBA(0.25,0.25,0.25,1)</only>
									</li>
								</options>
							</second>
						</li>
					</colorChannels>
					<customDrawSize>(2.7)</customDrawSize>
				</alienPartGenerator>
			</generalSettings>
			<graphicPaths>
				<li>
					<body>Things/Pawns/Humanlikes/M7Mech/body/</body>
					<head>Things/Pawns/Humanlikes/M7Mech/head/</head>
				</li>
			</graphicPaths>
		</alienRace>
        <uiIconPath>Things/Pawns/Humanlikes/M7Mech/body/Naked_None_south</uiIconPath>
		<tools>
			<li>
				<label>right fist</label>
				<capacities>
					<li>Blunt</li>
				</capacities>
				<power>60</power>
				<cooldownTime>2.8</cooldownTime>
				<linkedBodyPartsGroup>RightHand</linkedBodyPartsGroup>
				<surpriseAttack>
					<extraMeleeDamages>
						<li>
							<def>Stun</def>
							<amount>22</amount>
						</li>
					</extraMeleeDamages>
				</surpriseAttack>
			</li>
			<li>
				<label>left fist</label>
				<capacities>
					<li>Blunt</li>
				</capacities>
				<power>60</power>
				<cooldownTime>2.8</cooldownTime>
				<linkedBodyPartsGroup>LeftHand</linkedBodyPartsGroup>
				<surpriseAttack>
					<extraMeleeDamages>
						<li>
							<def>Stun</def>
							<amount>22</amount>
						</li>
					</extraMeleeDamages>
				</surpriseAttack>
			</li>
		</tools>
		<butcherProducts>
			<Plasteel>160</Plasteel>
			<ComponentIndustrial>30</ComponentIndustrial>
            <ComponentSpacer>10</ComponentSpacer>
            <Uranium>30</Uranium>
			<Gold>6</Gold>
		</butcherProducts>
	</AlienRace.ThingDef_AlienRace>

	<PawnKindDef ParentName="BasePlayerPawnKind">
		<defName>M7MechPawn</defName>
		<label>M7 mech</label>
		<race>M7Mech</race>
		<combatPower>1000</combatPower>
		<canArriveManhunter>false</canArriveManhunter>
		<ecoSystemWeight>9999</ecoSystemWeight>
		<backstoryFiltersOverride>
			<li>
				<categories>
					<li>ATR_MSeries</li>
				</categories>
			</li>
		</backstoryFiltersOverride>
		<defaultFactionType>PlayerColony</defaultFactionType>
		<aiAvoidCover>true</aiAvoidCover>
		<weaponMoney>
			<min>9999</min>
			<max>9999</max>
		</weaponMoney>
		<weaponTags>
			<li>MechWeapon</li>
		</weaponTags>
		<initialResistanceRange>13~21</initialResistanceRange>
	</PawnKindDef>

</Defs>