<?xml version="1.0" encoding="utf-8"?>
<Defs>
	<AlienRace.ThingDef_AlienRace ParentName="BasePawn">
		<defName>Tier5Android</defName>
		<label>T5 Android</label>
		<description>It is undeniable that this is an archotech device in the form of a mechanical humanoid. It is also undeniable that this is not a true archotech, however. It enigmatically states that "I myself am a common misconception about archotechs," and refuses to elaborate - and also admits that it lies about its birthdate. It is of completely alien comprehension, and can not integrate with the SkyMind. Beings such as this speak nothing of their origin, purpose, or reason for being on a rim world. What could it want, and why does it seem content to participate in normal society? \n\nAnd why are clothes the only thing it refuses to participate in and seems upset by - is it some secret archotech code?</description>
		<alienRace>
			<raceRestriction>
				<researchList>
					<li>
						<projects>
							<li>ATR_ArchotechInsight</li>
						</projects>
					</li>
				</researchList>
				<onlyUseRaceRestrictedApparel>true</onlyUseRaceRestrictedApparel>
				<apparelList>
				</apparelList>
			</raceRestriction>
			<generalSettings>
				<maxDamageForSocialfight>120</maxDamageForSocialfight>
				<immuneToAge>true</immuneToAge>
				<alienPartGenerator>
					<headBodyPartDef>ATR_MechanicalHead</headBodyPartDef>
					<colorChannels>
						<li>
							<name>skin</name>
							<first Class="ColorGenerator_Options">
								<options>
									<li>
										<weight>10</weight>
										<only>RGBA(0.94,0.94,0.94,1)</only>
									</li>
									<li>
										<weight>10</weight>
										<only>RGBA(0.74,0.74,0.74,1)</only>
									</li>
									<li>
										<weight>5</weight>
										<only>RGBA(0.80,0.80,0.8,1)</only>
									</li>
								</options>
							</first>
							<second Class="ColorGenerator_Options">
								<options>
									<li>
										<weight>10</weight>
										<min>RGBA(0,0.1,0.1,1)</min>
										<max>RGBA(0.4,0.6,0.6,1)</max>
									</li>
								</options>
							</second>
						</li>
					</colorChannels>
					<alienbodytypes>
						<li>Hulk</li>
					</alienbodytypes>
				</alienPartGenerator>
			</generalSettings>
			<graphicPaths>
				<li>
					<body>Things/Pawns/Humanlikes/Tier5/body/</body>
					<head>Things/Pawns/Humanlikes/Tier5/head/</head>
				</li>
			</graphicPaths>
			<styleSettings>
                <li>
                    <key>HairDef</key>
                    <value>
                        <hasStyle>false</hasStyle>
                    </value>
                </li>
				<li>
                    <key>BeardDef</key>
                    <value>
                        <hasStyle>false</hasStyle>
                    </value>
                </li>
				<li>
                    <key>TattooDef</key>
                    <value>
                        <hasStyle>false</hasStyle>
                    </value>
                </li>
            </styleSettings>
			<thoughtSettings>
				<cannotReceiveThoughtsAtAll>true</cannotReceiveThoughtsAtAll>
			</thoughtSettings>
			<relationSettings>
				<relationChanceModifierChild>0</relationChanceModifierChild>
				<relationChanceModifierExLover>0</relationChanceModifierExLover>
				<relationChanceModifierExSpouse>0</relationChanceModifierExSpouse>
				<relationChanceModifierFiance>0</relationChanceModifierFiance>
				<relationChanceModifierLover>0</relationChanceModifierLover>
				<relationChanceModifierParent>0</relationChanceModifierParent>
				<relationChanceModifierSibling>0</relationChanceModifierSibling>
				<relationChanceModifierSpouse>0</relationChanceModifierSpouse>
			</relationSettings>
			<compatibility>
				<isFlesh>false</isFlesh>
			</compatibility>
		</alienRace>
        <uiIconPath>Things/Pawns/Humanlikes/Tier5/head/None_Average_Normal_south</uiIconPath>
		<statBases>
			<MarketValue>8000</MarketValue>
			<MoveSpeed>10</MoveSpeed>
			<Flammability>0</Flammability>
			<PsychicSensitivity>0</PsychicSensitivity>
			<ComfyTemperatureMin>-200</ComfyTemperatureMin>
			<ComfyTemperatureMax>200</ComfyTemperatureMax>
			<PainShockThreshold>5</PainShockThreshold>
			<ToxicSensitivity>0</ToxicSensitivity>
			<MentalBreakThreshold>0.15</MentalBreakThreshold>
			<GlobalLearningFactor>4</GlobalLearningFactor>
			<WorkSpeedGlobal>4</WorkSpeedGlobal>
			<ImmunityGainSpeed>10</ImmunityGainSpeed>
			<LeatherAmount>0</LeatherAmount>
			<MeatAmount>0</MeatAmount>
			<SocialImpact>0.1</SocialImpact>
			<ArmorRating_Blunt>1.20</ArmorRating_Blunt>
			<ArmorRating_Sharp>1.50</ArmorRating_Sharp>
			<Mass>92.5</Mass>
		</statBases>
		<tools>
			<li>
				<label>right fist</label>
				<capacities>
					<li>Blunt</li>
				</capacities>
				<power>50</power>
				<cooldownTime>3</cooldownTime>
				<linkedBodyPartsGroup>RightHand</linkedBodyPartsGroup>
				<surpriseAttack>
					<extraMeleeDamages>
						<li>
							<def>Stun</def>
							<amount>22</amount>
						</li>
					</extraMeleeDamages>
				</surpriseAttack>
			</li>
			<li>
				<label>left fist</label>
				<capacities>
					<li>Blunt</li>
				</capacities>
				<power>50</power>
				<cooldownTime>3</cooldownTime>
				<linkedBodyPartsGroup>LeftHand</linkedBodyPartsGroup>
				<surpriseAttack>
					<extraMeleeDamages>
						<li>
							<def>Stun</def>
							<amount>22</amount>
						</li>
					</extraMeleeDamages>
				</surpriseAttack>
			</li>
			<li>
				<label>head</label>
				<capacities>
					<li>Blunt</li>
				</capacities>
				<power>15</power>
				<cooldownTime>1.2</cooldownTime>
				<linkedBodyPartsGroup>HeadAttackTool</linkedBodyPartsGroup>
                <ensureLinkedBodyPartsGroupAlwaysUsable>true</ensureLinkedBodyPartsGroupAlwaysUsable>
				<chanceFactor>0.2</chanceFactor>
			</li>
		</tools>
		<race>
			<thinkTreeMain>Humanlike</thinkTreeMain>
			<thinkTreeConstant>HumanlikeConstant</thinkTreeConstant>
			<intelligence>Humanlike</intelligence>
			<makesFootprints>true</makesFootprints>
			<lifeExpectancy>10000</lifeExpectancy>
			<leatherDef>Leather_Patch</leatherDef>
			<nameGenerator>ATR_Archotechs</nameGenerator>
			<body>ATR_AndroidBody</body>
            <hasGenders>false</hasGenders>
			<baseHealthScale>5</baseHealthScale>
			<needsRest>false</needsRest>
			<foodType>None</foodType>
			<fleshType>AndroidTier</fleshType>
			<bloodDef>CoolantAndroidTier</bloodDef>
			<useMeatFrom>Alpaca</useMeatFrom>
			<baseBodySize>2.4</baseBodySize>
			<gestationPeriodDays>1</gestationPeriodDays>
			<canBePredatorPrey>false</canBePredatorPrey>
			<lifeStageAges>
				<li>
					<def>HumanlikeAdult</def>
					<minAge>0</minAge>
				</li>
			</lifeStageAges>
			<litterSizeCurve>
				<points>
					<li>(0.5, 0)</li>
					<li>(1, 1)</li>
					<li>(1.01, 0.02)</li>
					<li>(3.5, 0)</li>
				</points>
			</litterSizeCurve>
			<soundMeleeHitPawn>Pawn_Melee_Punch_HitPawn</soundMeleeHitPawn>
			<soundMeleeHitBuilding>Pawn_Melee_Punch_HitBuilding</soundMeleeHitBuilding>
			<soundMeleeMiss>Pawn_Melee_Punch_Miss</soundMeleeMiss>
			<specialShadowData>
				<volume>(0.3, 0.8, 0.4)</volume>
				<offset>(0,0,0.5)</offset>
			</specialShadowData>
			<ageGenerationCurve>
				<points>
					<li>(50,0)</li>
					<li>(20000,10)</li>
					<li>(40000,40)</li>
					<li>(60000,50)</li>
					<li>(80000,20)</li>
					<li>(100000,0)</li>
				</points>
			</ageGenerationCurve>
			<hediffGiverSets>
				<li>ATR_MechanicalStandard</li>
			</hediffGiverSets>
		</race>
        <recipes>
            <li>RemoveBodyPartAndroid</li>
            <li>RestoreBodyPartAndroid</li>
        </recipes>
		<butcherProducts>
			<Plasteel>160</Plasteel>
			<ComponentIndustrial>40</ComponentIndustrial>
            <ComponentSpacer>20</ComponentSpacer>
			<AIPersonaCore>2</AIPersonaCore>
		</butcherProducts>
		<modExtensions>
			<li Class="ATReforged.ATR_MechTweaker">
			</li>
		</modExtensions>
	</AlienRace.ThingDef_AlienRace>
</Defs>