﻿<?xml version="1.0" encoding="utf-8" ?>
<Defs>
 
    <ThingDef ParentName="ATR_MechanicalAnimalThingBase">
        <defName>DroneMineralUnit</defName>
        <label>Mineral unit</label>
        <description>These drones are ubiquitous in android societies on life-bearing worlds thanks to their specialized machinery capable of extracting minerals from organic material in order to refine and forge into steel. Their ravenous consumption of said organic matter has led to planet-wide bans on many worlds - and to many worlds being turned near lifeless by roaming android "pastoralists" who take "herds" of these creatures from planet to planet.</description>
        <statBases>
            <MoveSpeed>2.00</MoveSpeed>
            <MarketValue>600</MarketValue>
        </statBases>
        <tools>
            <li>
                <label>head</label>
                <capacities>
                    <li>Blunt</li>
                </capacities>
                <power>8</power>
                <cooldownTime>1.65</cooldownTime>
                <linkedBodyPartsGroup>HeadAttackTool</linkedBodyPartsGroup>
            </li>
        </tools>
        <comps>
            <li Class="CompProperties_Shearable">
                <woolDef>Steel</woolDef>
                <shearIntervalDays>5</shearIntervalDays>
                <woolAmount>25</woolAmount>
            </li>
        </comps>
        <race>
            <body>ATR_MechQuadrupedal</body>
            <packAnimal>true</packAnimal>
            <baseBodySize>1</baseBodySize>
            <baseHealthScale>1</baseHealthScale>
            <baseHungerRate>3</baseHungerRate>
            <foodType>OmnivoreRoughAnimal</foodType>
            <nameOnTameChance>1</nameOnTameChance>
            <lifeStageAges>
                <li>
                    <def>AnimalAdult</def>
                    <minAge>0.0</minAge>
                    <soundWounded>Pawn_Muffalo_Wounded</soundWounded>
                    <soundDeath>Pawn_Muffalo_Death</soundDeath>
                </li>
            </lifeStageAges>
            <soundMeleeHitPawn>Pawn_Melee_BigBash_HitPawn</soundMeleeHitPawn>
            <soundMeleeHitBuilding>Pawn_Melee_BigBash_HitBuilding</soundMeleeHitBuilding>
            <soundMeleeMiss>Pawn_Melee_BigBash_Miss</soundMeleeMiss>
            <ageGenerationCurve>
                <points>
                    <li>(0,0)</li>
                    <li>(1,100)</li>
                    <li>(2,0)</li>
                </points>
            </ageGenerationCurve>
        </race>
		<butcherProducts>
			<Plasteel>20</Plasteel>
			<ComponentIndustrial>2</ComponentIndustrial>
		</butcherProducts>
    </ThingDef>
  
    <PawnKindDef ParentName="ATR_MechanicalAnimalKindBase">
        <defName>DroneMineralUnit</defName>
        <label>Mineral unit</label>
        <race>DroneMineralUnit</race>
        <combatPower>20</combatPower>
        <canArriveManhunter>false</canArriveManhunter>
		<ecoSystemWeight>0.5</ecoSystemWeight>
	    <defaultFactionType>PlayerColony</defaultFactionType>
        <lifeStages>
            <li>
                <bodyGraphicData>
                    <texPath>Things/Pawns/Animals/DroneMineralUnit/DroneMineralUnit</texPath>
                    <drawSize>2</drawSize>
                    <shadowData>
                        <volume>(0.8, 0.6, 0.6)</volume>
                        <offset>(0,0,-0.3)</offset>
                    </shadowData>
                </bodyGraphicData>
                <dessicatedBodyGraphicData>
                    <texPath>Things/Pawns/Animals/DroneMineralUnit/DroneMineralUnit</texPath>
                    <drawSize>2</drawSize>
                </dessicatedBodyGraphicData>
            </li>
        </lifeStages>
    </PawnKindDef>

</Defs>
