﻿<?xml version="1.0" encoding="utf-8" ?>
<Defs>

	<IncidentDef>
		<defName>ATR_HackingIncident</defName>
		<label>Hacking incident</label>
		<category>ThreatSmall</category>
    	<pointsScaleable>true</pointsScaleable>
		<targetTags>
		    <li>Map_PlayerHome</li>
		</targetTags>
		<workerClass>ATReforged.Incidents_Hacking</workerClass>
		<letterDef>NegativeEvent</letterDef>
        <earliestDay>30</earliestDay>
		<baseChance>5</baseChance>
	</IncidentDef>

	<IncidentDef>
		<defName>ATR_PersonalityShiftIncident</defName>
		<label>Personality shift request</label>
		<category>Misc</category>
		<targetTags>
		    <li>Map_PlayerHome</li>
		</targetTags>
		<workerClass>ATReforged.Incidents_PersonalityShift</workerClass>
		<baseChance>0.3</baseChance>
	</IncidentDef>

</Defs>