<?xml version="1.0" encoding="utf-8" ?>
<Defs>

    <ThinkTreeDef>
        <defName>ATR_Exterminator</defName>
        <insertTag>Animal_PreMain</insertTag>
        <insertPriority>100</insertPriority>
        <thinkRoot Class="ThinkNode_Tagger">
            <tagToGive>InMentalState</tagToGive>
            <subNodes>
                <li Class="ThinkNode_ConditionalMentalStateClass">
                    <stateClass>ATReforged.MentalState_Exterminator</stateClass>
                    <subNodes>
                        <li Class="ThinkNode_Priority">
                            <subNodes>
                                <li Class="ATReforged.JobGiver_Exterminator" />
                                <li Class="JobGiver_WanderAnywhere">
                                    <maxDanger>Deadly</maxDanger>
                                </li>
                            </subNodes>
                        </li>
                    </subNodes>
                </li>
            </subNodes>
        </thinkRoot>
    </ThinkTreeDef>

</Defs>
