<?xml version="1.0" encoding="utf-8" ?>
<Defs>

    <!-- Childhoods -->

	<AlienRace.BackstoryDef>
		<defName>ATR_MechChildhood</defName>
		<title>M-Series Drone</title>
		<titleShort>Mech</titleShort>
		<baseDescription>Assembled, by archotechs, seemingly very long ago, with no knowledge of {PAWN_possessive} origin or purpose remaining. {PAWN_pronoun} certainly only seems built for warfare, though. What use could Archotechs have had for {PAWN_objective}?</baseDescription>
		<bodyTypeMale>Male</bodyTypeMale>
		<bodyTypeFemale>Female</bodyTypeFemale>
		<slot>Childhood</slot>
		<spawnCategories>
			<li>ATR_MSeries</li>
		</spawnCategories>
	</AlienRace.BackstoryDef>

	<AlienRace.BackstoryDef>
		<defName>ATR_DroneChildhood</defName>
		<title>Drone</title>
		<titleShort>Drone</titleShort>
		<baseDescription>Drone "childhoods" are as uninteresting as they are often forgotten. Many creators don't bother marking the moment of awakening, and no drone knows its own history.</baseDescription>
		<slot>Childhood</slot>
		<spawnCategories>
			<li>ATR_Drone</li>
		</spawnCategories>
		<workDisables>
			<li>Animals</li>
            <li>Social</li>
		</workDisables>
	</AlienRace.BackstoryDef>
	
	<AlienRace.BackstoryDef>
		<defName>FreshBlank</defName>
		<title>Fresh Blank</title>
		<titleShort>Unit</titleShort>
		<baseDescription>{PAWN_nameDef} was created to be a perfectly blank slate, ready for its next owner to form its first and only memories with.</baseDescription>
		<slot>Childhood</slot>
		<spawnCategories>
			<li>ATR_GeneralAndroids</li>
            <li>SurrogateSoldier</li>
		</spawnCategories>
	</AlienRace.BackstoryDef>

    <!-- Adulthoods -->

	<AlienRace.BackstoryDef>
		<defName>ATR_MechAdulthood</defName>
		<title>War Drone</title>
		<titleShort>Mech</titleShort>
		<baseDescription>{PAWN_nameDef} is a drone that has only ever been capable of warfighting. Bugs, mechanoids, rebels, empires, none of it matters. Drones don't care who they fight, and they don't remember who they've killed.</baseDescription>
		<bodyTypeMale>Male</bodyTypeMale>
		<bodyTypeFemale>Female</bodyTypeFemale>
		<slot>Adulthood</slot>
		<spawnCategories>
			<li>ATR_MSeries</li>
		</spawnCategories>
		<workDisables>
			<li>AllWork</li>
		</workDisables>
	</AlienRace.BackstoryDef>

	<AlienRace.BackstoryDef>
		<defName>ATR_DroneAdulthood</defName>
		<title>Drone</title>
		<titleShort>Drone</titleShort>
		<baseDescription>{PAWN_nameDef} is a drone that continues to serve based on {PAWN_possessive} programming. There's no way of knowing how many times that programming has changed, but the drone does not seem bothered by this.</baseDescription>
		<slot>Adulthood</slot>
		<spawnCategories>
			<li>ATR_Drone</li>
		</spawnCategories>
	</AlienRace.BackstoryDef>

    <AlienRace.BackstoryDef>
        <defName>AdultBlank</defName>
        <title>Adult Blank</title>
		<titleShort>Unit</titleShort>
		<baseDescription>This unit has neither intelligence nor memory. It is entirely devoid of character and utility.</baseDescription>
		<slot>Adulthood</slot>
        <spawnCategories>
            <li>SurrogateSoldier</li>
        </spawnCategories>
    </AlienRace.BackstoryDef>

</Defs>