<?xml version="1.0" encoding="utf-8" ?>
<Defs>

    <LetterDef ParentName="CustomChoiceLetterBase">
        <defName>ATR_RansomChoiceLetter</defName>
        <letterClass>ATReforged.ChoiceLetter_RansomDemand</letterClass>
    </LetterDef>

    <LetterDef ParentName="CustomChoiceLetterBase">
        <defName>ATR_PersonalityShiftRequestLetter</defName>
        <letterClass>ATReforged.ChoiceLetter_PersonalityShiftRequest</letterClass>
    </LetterDef>

    <LetterDef ParentName="CustomChoiceLetterBase">
        <defName>ATR_PersonalityShiftLetter</defName>
        <letterClass>ATReforged.ChoiceLetter_PersonalityShift</letterClass>
    </LetterDef>

</Defs>