﻿<?xml version="1.0" encoding="utf-8" ?>
<Defs>

    <ThingDef Name="ATR_ChargingStationBase" ParentName="BuildingBase" Abstract="True">
        <altitudeLayer>Building</altitudeLayer>
        <thingClass>ATReforged.Building_ChargingStation</thingClass>
        <passability>Impassable</passability>
        <pathCost>70</pathCost>
        <blockWind>true</blockWind>
        <castEdgeShadows>true</castEdgeShadows>
        <fillPercent>0.40</fillPercent>
        <tickerType>Rare</tickerType>
        <rotatable>false</rotatable>
        <comps>
            <li>
                <compClass>ATReforged.CompPawnCharger</compClass>
            </li>
            <li Class="CompProperties_Breakdownable"/>
            <li Class="CompProperties_Power">
                <compClass>CompPowerTrader</compClass>
                <basePowerConsumption>20</basePowerConsumption>
                <shortCircuitInRain>true</shortCircuitInRain>
            </li>
            <li Class="CompProperties_Flickable"/>
        </comps>
        <terrainAffordanceNeeded>Medium</terrainAffordanceNeeded>
        <designationCategory>ATR_AndroidTiersDesignation</designationCategory>
        <constructEffect>ConstructMetal</constructEffect>
        <canOverlapZones>false</canOverlapZones>
    </ThingDef>

    <ThingDef ParentName="ATR_ChargingStationBase">
        <defName>ATR_ChargingStation</defName>
        <label>Android charging station</label>
        <description>A station built to charge 8 adjacent androids simultaneously.</description>
        <graphicData>
            <texPath>Things/Buildings/ChargingStation</texPath>
            <graphicClass>Graphic_Single</graphicClass>
            <drawSize>(1, 1)</drawSize>
            <shadowData>
                <volume>(0.4, 0.1, 0.4)</volume>
                <offset>(0,0,-0.1)</offset>
            </shadowData>
        </graphicData>
        <uiIconPath>Things/Buildings/ChargingStation</uiIconPath>
        <altitudeLayer>Building</altitudeLayer>
        <blockWind>false</blockWind>
        <fillPercent>0.5</fillPercent>
        <minifiedDef>MinifiedThing</minifiedDef>
        <thingCategories>
            <li>BuildingsMisc</li>
        </thingCategories>
        <statBases>
            <Mass>10</Mass>
            <MaxHitPoints>120</MaxHitPoints>
            <WorkToBuild>2200</WorkToBuild>
            <Flammability>0.5</Flammability>
            <BedRestEffectiveness>1</BedRestEffectiveness> <!-- This is normally only used for beds, but we use it here to be able to use xml to define charging rate -->
            <Beauty>-1</Beauty>
        </statBases>
        <size>(1,1)</size>
        <selectable>true</selectable>
        <drawPlaceWorkersWhileSelected>false</drawPlaceWorkersWhileSelected>
        <terrainAffordanceNeeded>Medium</terrainAffordanceNeeded>
        <building>
            <allowAutoroof>false</allowAutoroof>
        </building>
        <costList>
            <Steel>250</Steel>
            <Silver>150</Silver>
            <ComponentIndustrial>6</ComponentIndustrial>
        </costList>
        <hasInteractionCell>false</hasInteractionCell>
        <designationHotKey>Misc8</designationHotKey>
        <researchPrerequisites>
            <li>ATR_MassCharging</li>
        </researchPrerequisites>
        <constructionSkillPrerequisite>10</constructionSkillPrerequisite>
    </ThingDef>

    <!-- Bedside Charger -->
    <ThingDef ParentName="BuildingBase">
        <defName>ATR_BedsideChargerFacility</defName>
        <label>bedside charger</label>
        <description>A bedside device that allows the occupant of the linked bed to charge. It provides energy while in bed, but consumes a lot of power to do so. It must be placed directly adjacent to and facing the head of the bed.</description>
        <graphicData>
            <texPath>Things/Buildings/BedsideCharger/BedsideCharger</texPath>
            <graphicClass>Graphic_Multi</graphicClass>
            <shadowData>
                <volume>(0.55, 0.30, 0.40)</volume>
            </shadowData>
            <damageData>
                <rectN>(0.078125,0.46875,0.859375,0.53125)</rectN>
                <rectS>(0.078125,0.46875,0.859375,0.53125)</rectS>
                <rectE>(0.125,0.46875,0.625,0.296875)</rectE>
                <rectW>(0.25,0.46875,0.625,0.296875)</rectW>
                <cornerTR>Damage/Corner</cornerTR>
            </damageData>
        </graphicData>
        <uiIconPath>Things/Buildings/BedsideCharger/BedsideCharger_south</uiIconPath>
        <defaultPlacingRot>South</defaultPlacingRot>
        <researchPrerequisites><li>ATR_MechanicalStandardization</li></researchPrerequisites>
        <altitudeLayer>Building</altitudeLayer>
        <passability>PassThroughOnly</passability>
        <fillPercent>0.2</fillPercent>
        <statBases>
            <MaxHitPoints>100</MaxHitPoints>
            <WorkToBuild>6000</WorkToBuild>
            <Mass>20</Mass>
            <Flammability>0.7</Flammability>
        </statBases>
        <size>(1,1)</size>
        <costList>
            <Steel>10</Steel>
            <ComponentIndustrial>2</ComponentIndustrial>
        </costList>
        <constructionSkillPrerequisite>6</constructionSkillPrerequisite>
        <building>
            <destroySound>BuildingDestroyed_Metal_Small</destroySound>
        </building>
        <minifiedDef>MinifiedThing</minifiedDef>
        <thingCategories>
            <li>BuildingsMisc</li>
        </thingCategories>
        <tickerType>Rare</tickerType>
        <comps>
            <li>
                <compClass>ATReforged.CompPawnCharger</compClass>
            </li>
            <li Class="CompProperties_Power">
                <compClass>CompPowerTrader</compClass>
                <shortCircuitInRain>true</shortCircuitInRain>
                <basePowerConsumption>20</basePowerConsumption>
            </li>
            <li Class="CompProperties_Flickable"/>
            <li Class="CompProperties_Facility">
                <maxSimultaneous>1</maxSimultaneous>
                <mustBePlacedAdjacentCardinalToAndFacingBedHead>true</mustBePlacedAdjacentCardinalToAndFacingBedHead>
            </li>
        </comps>
        <designationHotKey>Misc6</designationHotKey>
        <designationCategory>ATR_AndroidTiersDesignation</designationCategory>
        <placeWorkers>
            <li>PlaceWorker_ShowFacilitiesConnections</li>
        </placeWorkers>
    </ThingDef>

    <!-- Charging Pods -->

    <ThingDef Name="ATR_ChargingPodBase" ParentName="BedWithQualityBase" Abstract="True">
        <thingClass>ATReforged.Building_ChargingBed</thingClass>
        <graphicData>
            <texPath>Things/Buildings/ChargingPod/ChargingPod</texPath>
            <graphicClass>Graphic_Multi</graphicClass>
            <shaderType>CutoutComplex</shaderType>
            <drawSize>(1,2)</drawSize>
        </graphicData>
        <minifiedDef>MinifiedThing</minifiedDef>
        <uiIconPath>Things/Buildings/ChargingPod/ChargingPod_south</uiIconPath>
        <castEdgeShadows>True</castEdgeShadows>
        <statBases>
            <MaxHitPoints>150</MaxHitPoints>
            <WorkToBuild>2800</WorkToBuild>
            <Mass>45</Mass>
            <Flammability>0.4</Flammability>
            <ATR_MechanicalSurgerySuccessChanceFactor>1.05</ATR_MechanicalSurgerySuccessChanceFactor>
            <ATR_MechanicalTendQualityOffset>0.1</ATR_MechanicalTendQualityOffset>
            <BedRestEffectiveness>1.1</BedRestEffectiveness>
            <ImmunityGainSpeedFactor>1.07</ImmunityGainSpeedFactor>
            <Comfort>0.5</Comfort>
        </statBases>
	    <comps>
            <li Class="CompProperties_Flickable"/>
            <li>
                <compClass>ATReforged.CompPawnCharger</compClass>
            </li>
	        <li Class="CompProperties_AffectedByFacilities">
			    <linkableFacilities>
				    <li>ATR_MechanicCabinet</li>
                    <li>Dresser</li>
                    <li>EndTable</li>
                    <li MayRequire="Ludeon.RimWorld.Ideology">SleepAccelerator</li>
			    </linkableFacilities>
		    </li>
        </comps>
        <tickerType>Rare</tickerType>
        <thingCategories>
            <li>BuildingsMisc</li>
        </thingCategories>
        <altitudeLayer>Building</altitudeLayer>
        <drawGUIOverlay>true</drawGUIOverlay>
        <canOverlapZones>false</canOverlapZones>
        <passability>PassThroughOnly</passability>
        <defaultPlacingRot>South</defaultPlacingRot>
        <size>(1,2)</size>
        <building>
            <bed_showSleeperBody>True</bed_showSleeperBody>
            <bed_healPerDay>10</bed_healPerDay>
            <bed_defaultMedical>false</bed_defaultMedical>
            <buildingTags>
                <li>Bed</li>
            </buildingTags>
        </building>
        <fillPercent>0.4</fillPercent>
        <pathCost>60</pathCost>
        <leaveResourcesWhenKilled>True</leaveResourcesWhenKilled>
        <staticSunShadowHeight>0.17</staticSunShadowHeight>
        <designationHotKey>Misc5</designationHotKey>
	    <designationCategory>ATR_AndroidTiersDesignation</designationCategory>
        <researchPrerequisites>
            <li>Electricity</li>
        </researchPrerequisites>
        <constructionSkillPrerequisite>4</constructionSkillPrerequisite>
        <techLevel>Industrial</techLevel>
        <uiIconScale>0.90</uiIconScale>
    </ThingDef>


    <ThingDef ParentName="ATR_ChargingPodBase">
	    <defName>ATR_ChargingPod</defName>
        <label>Charging pod</label>
        <description>A simple charging pod that can charge mechanical units. It is not designed for comfort.</description>
	    <costList>
            <Steel>50</Steel>
            <ComponentIndustrial>2</ComponentIndustrial>
        </costList>
        <building>
            <bed_maxBodySize>4</bed_maxBodySize>
        </building>
	    <comps>
	        <li Class="CompProperties_Power">
                <compClass>CompPowerTrader</compClass>
                <shortCircuitInRain>true</shortCircuitInRain>
                <basePowerConsumption>20</basePowerConsumption>
	        </li>
        </comps>
    </ThingDef>

    <!-- Minified Vanometric Power Cell for SkyMind Core needs -->
    <ThingDef>
		<defName>ATR_VanometricPowerCellMinified</defName>
		<label>minified vanometric power cell</label>
		<thingClass>MinifiedThing</thingClass>
		<category>Item</category>
		<useHitPoints>true</useHitPoints>
		<selectable>true</selectable>
		<altitudeLayer>Item</altitudeLayer>
		<scatterableOnMapGen>false</scatterableOnMapGen>
		<tickerType>Normal</tickerType>
		<comps>
			<li Class="CompProperties_Forbiddable"/>
		</comps>
		<alwaysHaulable>true</alwaysHaulable>
		<rotatable>false</rotatable>
		<pathCost>14</pathCost>
		<statBases>
			<Mass>9</Mass>
			<Beauty>-20</Beauty>
		</statBases>
		<uiIconPath>Things/Building/Special/VanometricPowerCell_north</uiIconPath>
	</ThingDef>

</Defs>