﻿<?xml version="1.0" encoding="utf-8" ?>
<Defs>
  
    <ThingDef ParentName="BenchBase">
        <defName>ATR_MechanicalAssemblyPod</defName>
        <label>Mechanical assembly casket</label>
        <thingClass>Building_WorkTable</thingClass>
        <description>A casket designed to shape itself to form the chassis and assemble all necessary parts for androids and mechanical animals.</description>
        <graphicData>
            <texPath>Things/Buildings/AssemblyPod/AssemblyPod</texPath>
        <graphicClass>Graphic_Multi</graphicClass>
        <drawSize>(1,2)</drawSize>
        <damageData>
            <cornerTL>Damage/Corner</cornerTL>
            <cornerTR>Damage/Corner</cornerTR>
            <cornerBL>Damage/Corner</cornerBL>
            <cornerBR>Damage/Corner</cornerBR>
        </damageData>
        </graphicData>
        <costList>
        <Steel>100</Steel>
        <ComponentIndustrial>5</ComponentIndustrial>
        <Plasteel>20</Plasteel>
        </costList>
        <altitudeLayer>Building</altitudeLayer>
        <fillPercent>0.5</fillPercent>
        <useHitPoints>True</useHitPoints>
        <statBases>
        <WorkToBuild>3000</WorkToBuild>
        <MaxHitPoints>280</MaxHitPoints>
        <Flammability>1.0</Flammability>
        <Cleanliness>-2</Cleanliness>
        </statBases>
        <size>(1,2)</size>
        <designationCategory>ATR_AndroidTiersDesignation</designationCategory>
        <passability>PassThroughOnly</passability>
        <pathCost>100</pathCost>
        <hasInteractionCell>True</hasInteractionCell>
        <interactionCellOffset>(0,0,-1)</interactionCellOffset>
        <surfaceType>Item</surfaceType>
        <inspectorTabs>
        <li>ITab_Bills</li>
        </inspectorTabs>
        <comps>
        <li Class="CompProperties_Power">
            <compClass>CompPowerTrader</compClass>
            <shortCircuitInRain>true</shortCircuitInRain>
            <basePowerConsumption>500</basePowerConsumption>
        </li>
        <li Class="CompProperties_Flickable"/>
        <li Class="CompProperties_Glower">
            <glowRadius>2</glowRadius>
            <glowColor>(73,100,138,0)</glowColor>
        </li>
        <li Class="CompProperties_AffectedByFacilities">
            <linkableFacilities>
                <li>ToolCabinet</li>
            </linkableFacilities>
        </li>
        <li Class="CompProperties_Breakdownable"/>
        </comps>
        <building>
        <spawnedConceptLearnOpportunity>BillsTab</spawnedConceptLearnOpportunity>
        </building>
        <constructEffect>ConstructMetal</constructEffect>
        <researchPrerequisites><li>ATR_MechanicalInsight</li></researchPrerequisites>
        <designationHotKey>Misc7</designationHotKey>
            <placeWorkers>
                <li>PlaceWorker_ShowFacilitiesConnections</li>
            </placeWorkers>
    </ThingDef>
  
    <ThingDef ParentName="BenchBase">
        <defName>ATR_MechPartWorkbench</defName>
        <label>Mechanical parts workbench</label>
        <thingClass>Building_WorkTable</thingClass>
        <description>A workbench that holds all equipment needed to make a variety of android replacement parts.</description>
        <graphicData>
            <texPath>Things/Buildings/PartsTable/PartsTable</texPath>
            <graphicClass>Graphic_Multi</graphicClass>
            <drawSize>(3.5,1.5)</drawSize>
            <damageData>
                <cornerTL>Damage/Corner</cornerTL>
                <cornerTR>Damage/Corner</cornerTR>
                <cornerBL>Damage/Corner</cornerBL>
                <cornerBR>Damage/Corner</cornerBR>
            </damageData>
        </graphicData>
        <costList>
            <Steel>75</Steel>
            <ComponentIndustrial>3</ComponentIndustrial>
        </costList>
        <altitudeLayer>Building</altitudeLayer>
        <fillPercent>0.5</fillPercent>
        <useHitPoints>True</useHitPoints>
        <statBases>
            <WorkToBuild>3000</WorkToBuild>
            <MaxHitPoints>280</MaxHitPoints>
            <Flammability>1.0</Flammability>
            <Cleanliness>-2</Cleanliness>
        </statBases>
        <size>(3,1)</size>
        <designationCategory>ATR_AndroidTiersDesignation</designationCategory>
        <passability>PassThroughOnly</passability>
        <pathCost>100</pathCost>
        <hasInteractionCell>True</hasInteractionCell>
        <interactionCellOffset>(0,0,-1)</interactionCellOffset>
        <surfaceType>Item</surfaceType>
        <inspectorTabs>
            <li>ITab_Bills</li>
        </inspectorTabs>
        <comps>
            <li Class="CompProperties_Power">
                <compClass>CompPowerTrader</compClass>
                <shortCircuitInRain>true</shortCircuitInRain>
                <basePowerConsumption>300</basePowerConsumption>
            </li>
            <li Class="CompProperties_Flickable"/>
            <li Class="CompProperties_Glower">
                <glowRadius>2</glowRadius>
                <glowColor>(73,100,138,0)</glowColor>
            </li>
            <li Class="CompProperties_AffectedByFacilities">
                <linkableFacilities>
                    <li>ToolCabinet</li>
                </linkableFacilities>
            </li>
            <li Class="CompProperties_Breakdownable"/>
        </comps>
        <building>
            <spawnedConceptLearnOpportunity>BillsTab</spawnedConceptLearnOpportunity>
        </building>
        <constructEffect>ConstructMetal</constructEffect>
        <researchPrerequisites><li>ATR_MechanicalStandardization</li></researchPrerequisites>
        <designationHotKey>Misc7</designationHotKey>
        <placeWorkers>
            <li>PlaceWorker_ShowFacilitiesConnections</li>
        </placeWorkers>
    </ThingDef>
	
</Defs>
