<?xml version="1.0" encoding="utf-8" ?>
<Defs>
  <!-- Added body parts -->
 
    <HediffDef>
        <defName>ShutdownMechanical</defName>
        <label>decommissioned</label>
        <description>AI core shutdown.</description>
        <initialSeverity>0</initialSeverity>
        <lethalSeverity>0</lethalSeverity>
        <defaultLabelColor>(0.4, 0.4, 0.4)</defaultLabelColor>
        <scenarioCanAdd>false</scenarioCanAdd>
    </HediffDef>
    
    <HediffDef>
        <defName>ATR_ShortReboot</defName>
        <label>Rebooting</label>
        <description>Unit is rebooting.</description>
        <hediffClass>HediffWithComps</hediffClass>
        <initialSeverity>1</initialSeverity>
        <defaultLabelColor>(0.3, 0.7, 0.3)</defaultLabelColor>
        <scenarioCanAdd>false</scenarioCanAdd>
        <isBad>false</isBad>
        <comps>
            <li Class="HediffCompProperties_SeverityPerDay">
                <severityPerDay>-24</severityPerDay>
            </li>
        </comps>
        <stages>
            <li>
                <minSeverity>0.02</minSeverity>
                <label>100%</label>
                <hungerRateFactor>0.4</hungerRateFactor>
            </li>
            <li>
                <minSeverity>0.25</minSeverity>
                <label>75%</label>
                <hungerRateFactor>0.4</hungerRateFactor>
                <capMods>
                <li>
                    <capacity>Consciousness</capacity>
                    <setMax>0.1</setMax>
                </li>
                </capMods>
            </li>
            <li>
                <minSeverity>0.5</minSeverity>
                <label>50%</label>
                <hungerRateFactor>0.4</hungerRateFactor>
                <capMods>
                <li>
                    <capacity>Consciousness</capacity>
                    <setMax>0.1</setMax>
                </li>
                </capMods>
            </li>
            <li>
                <minSeverity>0.75</minSeverity>
                <label>25%</label>
                <hungerRateFactor>0.4</hungerRateFactor>
                <capMods>
                <li>
                    <capacity>Consciousness</capacity>
                    <setMax>0.1</setMax>
                </li>
                </capMods>
            </li>
            <li>
                <minSeverity>0.9</minSeverity>
                <label>0%</label>
                <hungerRateFactor>0.4</hungerRateFactor>
                <capMods>
                <li>
                    <capacity>Consciousness</capacity>
                    <setMax>0.1</setMax>
                </li>
                </capMods>
            </li>
        </stages>
    </HediffDef>

    <HediffDef>
        <defName>ATR_LongReboot</defName>
        <label>Restarting</label>
        <description>Unit is currently undergoing full system restart.</description>
        <hediffClass>HediffWithComps</hediffClass>
        <initialSeverity>1</initialSeverity>
        <defaultLabelColor>(0.3, 0.7, 0.3)</defaultLabelColor>
        <scenarioCanAdd>false</scenarioCanAdd>
        <isBad>false</isBad>
        <comps>
            <li Class="HediffCompProperties_SeverityPerDay">
                <severityPerDay>-1</severityPerDay>
            </li>
        </comps>
        <stages>
            <li>
                <minSeverity>0.02</minSeverity>
                <label>100%</label>
                <hungerRateFactor>0.4</hungerRateFactor>
            </li>
            <li>
                <minSeverity>0.25</minSeverity>
                <label>75%</label>
                <hungerRateFactor>0.4</hungerRateFactor>
                <capMods>
                <li>
                    <capacity>Consciousness</capacity>
                    <setMax>0.1</setMax>
                </li>
                </capMods>
            </li>
            <li>
                <minSeverity>0.5</minSeverity>
                <label>50%</label>
                <hungerRateFactor>0.4</hungerRateFactor>
                <capMods>
                <li>
                    <capacity>Consciousness</capacity>
                    <setMax>0.1</setMax>
                </li>
                </capMods>
            </li>
            <li>
                <minSeverity>0.75</minSeverity>
                <label>25%</label>
                <hungerRateFactor>0.4</hungerRateFactor>
                <capMods>
                <li>
                    <capacity>Consciousness</capacity>
                    <setMax>0.1</setMax>
                </li>
                </capMods>
            </li>
            <li>
                <minSeverity>0.9</minSeverity>
                <label>0%</label>
                <hungerRateFactor>0.4</hungerRateFactor>
                <capMods>
                <li>
                    <capacity>Consciousness</capacity>
                    <setMax>0.1</setMax>
                </li>
                </capMods>
            </li>
        </stages>
    </HediffDef>
  
    <HediffDef>
        <defName>RecoveringFromDDOS</defName>
        <label>DDOS Recovery</label>
        <description>This unit is recovering from exposure to a DDOS attack. Recompiling and separating junk data from true data is a strenous and distracting activity as little data can be fully trusted until it is complete.</description>
        <hediffClass>HediffWithComps</hediffClass>
        <initialSeverity>1</initialSeverity>
        <isBad>false</isBad>
        <comps>
            <li Class="HediffCompProperties_SeverityPerDay">
                <severityPerDay>-0.25</severityPerDay>
            </li>
        </comps>
        <stages>
            <li>
                <capMods>
                    <li>
                        <capacity>Consciousness</capacity>
                        <postFactor>0.8</postFactor>
                    </li>
                </capMods>
		        <statOffsets>
			        <GlobalLearningFactor>-0.3</GlobalLearningFactor>
                </statOffsets>
            </li>
        </stages>
    </HediffDef>
  
    <HediffDef>
        <defName>ATR_MemoryCorruption</defName>
        <label>Memory corruption</label>
        <description>This unit suffered a critical memory corruption. The memories are lost, but the damaged storage itself may eventually be recoverable. It will be a long and arduous road, however.</description>
        <hediffClass>HediffWithComps</hediffClass>
        <isBad>false</isBad>
        <comps>
            <li Class="HediffCompProperties_SeverityPerDay">
                <severityPerDay>-0.01</severityPerDay>
            </li>
        </comps>
        <stages>
            <li>
                <minSeverity>0.01</minSeverity>
                <label>Near Total Recovery</label>
            </li>
            <li>
                <minSeverity>0.05</minSeverity>
                <label>Minor Errors</label>
                <capMods>
                    <li>
                        <capacity>Consciousness</capacity>
                        <postFactor>0.9</postFactor>
                    </li>
                </capMods>
                <statOffsets>
                    <SocialImpact>-0.1</SocialImpact>
                    <GlobalLearningFactor>-0.1</GlobalLearningFactor>
                </statOffsets>
            </li>
            <li>
	            <minSeverity>0.25</minSeverity>
                <label>Major Errors</label>
                <capMods>
                    <li>
                        <capacity>Consciousness</capacity>
                        <postFactor>0.8</postFactor>
                    </li>
                </capMods>
                <mentalStateGivers>
                    <li>
                        <mentalState>WanderConfused</mentalState>
                        <mtbDays>20</mtbDays>
                    </li>
                </mentalStateGivers>
                <statOffsets>
                    <SocialImpact>-0.2</SocialImpact>
                    <GlobalLearningFactor>-0.25</GlobalLearningFactor>
                </statOffsets>
            </li>
            <li>
                <minSeverity>0.5</minSeverity>
                <label>Significant Failures</label>
                <capMods>
                    <li>
                        <capacity>Consciousness</capacity>
                        <postFactor>0.7</postFactor>
                    </li>
                </capMods>
                <mentalStateGivers>
                    <li>
                        <mentalState>WanderConfused</mentalState>
                        <mtbDays>10</mtbDays>
                    </li>
                </mentalStateGivers>
                <statOffsets>
                    <SocialImpact>-0.4</SocialImpact>
                    <GlobalLearningFactor>-0.5</GlobalLearningFactor>
                </statOffsets>
            </li>
            <li>
                <minSeverity>0.75</minSeverity>
                <label>Critical Failures</label>
                <capMods>
                    <li>
                        <capacity>Consciousness</capacity>
                        <postFactor>0.6</postFactor>
                    </li>
                </capMods>
                <mentalStateGivers>
                    <li>
                        <mentalState>WanderConfused</mentalState>
                        <mtbDays>5</mtbDays>
                    </li>
                </mentalStateGivers>
                <statOffsets>
                    <SocialImpact>-0.5</SocialImpact>
                    <GlobalLearningFactor>-0.75</GlobalLearningFactor>
                </statOffsets>
            </li>
            <li>
                <minSeverity>0.9</minSeverity>
                <label>Near Total Loss</label>
                <capMods>
                    <li>
                        <capacity>Consciousness</capacity>
                        <postFactor>0.4</postFactor>
                    </li>
                </capMods>
                <mentalStateGivers>
                    <li>
                        <mentalState>WanderConfused</mentalState>
                        <mtbDays>2</mtbDays>
                    </li>
                </mentalStateGivers>
                <statOffsets>
                    <SocialImpact>-0.90</SocialImpact>
                    <GlobalLearningFactor>-1</GlobalLearningFactor>
                </statOffsets>
            </li>
        </stages>
    </HediffDef>

    <HediffDef>
        <defName>ATR_RemainingCharge</defName>
        <label>battery life</label>
        <description>Battery life remaining before loss of function</description>
	    <hediffClass>HediffWithComps</hediffClass>
        <initialSeverity>1</initialSeverity>
        <defaultLabelColor>(0.3, 0.7, 0.3)</defaultLabelColor>
        <scenarioCanAdd>false</scenarioCanAdd>
        <isBad>false</isBad>
	    <comps>
            <li Class="HediffCompProperties_SeverityPerDay">
                <severityPerDay>-0.5</severityPerDay>
            </li>
        </comps>
        <stages>
            <li>
                <minSeverity>0</minSeverity>
                <label>Empty</label>
                <capMods>
                    <li>
                        <capacity>Consciousness</capacity>
                        <setMax>0</setMax>
                    </li>
                </capMods>
            </li>
            <li>
                <minSeverity>0.1</minSeverity>
                <label>Critical</label>
            </li>
            <li>
                <minSeverity>0.25</minSeverity>
                <label>Low</label>
            </li>
            <li>
                <minSeverity>0.45</minSeverity>
                <label>Moderate</label>
            </li>
            <li>
                <minSeverity>0.6</minSeverity>
                <label>High</label>
            </li>
            <li>
                <minSeverity>0.8</minSeverity>
                <label>Full</label>
            </li>
        </stages>
    </HediffDef>
	
	
	<HediffDef>
		<defName>ATR_CoolantLoss</defName>
		<label>coolant loss</label>
		<description>Loss of coolant in the chassis, resulting in reduced cooling capacity and loss of finetuned motor control. Lack of circulation prevents restorative mechanites from functioning properly, leading to extended recovery times. \n\nPrioritization ensures core functionality receives sufficient coolant flow until critical levels are reached.</description>
		<maxSeverity>1.0</maxSeverity>
	    <defaultLabelColor>(0.6, 0.6, 0.9)</defaultLabelColor>
        <stages>
            <li>
                <label>nominal</label>
                <becomeVisible>false</becomeVisible>
            </li>
            <li>
                <minSeverity>0.15</minSeverity>
                <label>minor</label>
                <statOffsets>
                    <ComfyTemperatureMax>-5</ComfyTemperatureMax>
                </statOffsets>
            </li>
            <li>
                <minSeverity>0.3</minSeverity>
                <label>moderate</label>
                <statOffsets>
                    <ComfyTemperatureMax>-15</ComfyTemperatureMax>
					<InjuryHealingFactor>-0.2</InjuryHealingFactor>
                </statOffsets>
                <capMods>
                    <li>
                        <capacity>Moving</capacity>
                        <postFactor>0.8</postFactor>
                    </li>
                    <li>
                        <capacity>Manipulation</capacity>
                        <postFactor>0.8</postFactor>
                    </li>
                </capMods>
                <hungerRateFactor>1.2</hungerRateFactor>
            </li>
            <li>
                <minSeverity>0.45</minSeverity>
                <label>significant</label>
                <statOffsets>
                    <ComfyTemperatureMax>-30</ComfyTemperatureMax>
					<InjuryHealingFactor>-0.4</InjuryHealingFactor>
                </statOffsets>
                <capMods>
                    <li>
                        <capacity>Moving</capacity>
                        <postFactor>0.6</postFactor>
                    </li>
                    <li>
                        <capacity>Manipulation</capacity>
                        <postFactor>0.6</postFactor>
                    </li>
                </capMods>
                <hungerRateFactor>1.4</hungerRateFactor>
            </li>
            <li>
                <minSeverity>0.6</minSeverity>
                <label>significant</label>
                <lifeThreatening>true</lifeThreatening>
                <statOffsets>
                    <ComfyTemperatureMax>-45</ComfyTemperatureMax>
					<InjuryHealingFactor>-0.6</InjuryHealingFactor>
                </statOffsets>
                <capMods>
                    <li>
                        <capacity>Moving</capacity>
                        <postFactor>0.4</postFactor>
                    </li>
                    <li>
                        <capacity>Manipulation</capacity>
                        <postFactor>0.4</postFactor>
                    </li>
                </capMods>
                <hungerRateFactor>1.6</hungerRateFactor>
            </li>
            <li>
                <minSeverity>0.75</minSeverity>
                <label>severe</label>
                <lifeThreatening>true</lifeThreatening>
                <statOffsets>
                    <ComfyTemperatureMax>-60</ComfyTemperatureMax>
					<InjuryHealingFactor>-0.75</InjuryHealingFactor>
                </statOffsets>
                <capMods>
                    <li>
                        <capacity>Consciousness</capacity>
                        <postFactor>0.8</postFactor>
                    </li>
                    <li>
                        <capacity>Moving</capacity>
                        <postFactor>0.2</postFactor>
                    </li>
                    <li>
                        <capacity>Manipulation</capacity>
                        <postFactor>0.2</postFactor>
                    </li>
                </capMods>
                <hungerRateFactor>1.8</hungerRateFactor>
            </li>
            <li>
                <minSeverity>0.9</minSeverity>
                <label>critical</label>
                <lifeThreatening>true</lifeThreatening>
                <statOffsets>
                    <ComfyTemperatureMax>-70</ComfyTemperatureMax>
					<InjuryHealingFactor>-0.9</InjuryHealingFactor>
                </statOffsets>
                <capMods>
                    <li>
                        <capacity>Consciousness</capacity>
                        <setMax>0.1</setMax>
                    </li>
                </capMods>
                <hungerRateFactor>2</hungerRateFactor>
            </li>
	    </stages>
	</HediffDef>
 
</Defs>
