<?xml version="1.0" encoding="utf-8" ?>
<Defs>

    <HediffDef Name="ATR_ChronicDefectiveBase" Abstract="True">
        <hediffClass>HediffWithComps</hediffClass>
        <chronic>true</chronic>
        <description>_</description>
        <defaultLabelColor>(0.8, 0.8, 0.35)</defaultLabelColor>
        <initialSeverity>0.001</initialSeverity>
    </HediffDef>
    
    <HediffDef ParentName="ATR_ChronicDefectiveBase">
        <defName>ATR_DecayedFrame</defName>
        <label>decaying frame</label>
        <labelNoun>a decaying framework</labelNoun>
        <description>The framework of this unit has suffered significant decay and can not maintain optimal control of itself. Repairs are needed to the framework to alleviate this.</description>
        <defaultLabelColor>(0.8, 0.8, 0.5)</defaultLabelColor>
        <stages>
            <li>
                <capMods>
                    <li>
                        <capacity>Moving</capacity>
                        <offset>-0.30</offset>
                    </li>
                    <li>
                        <capacity>Manipulation</capacity>
                        <offset>-0.10</offset>
                    </li>
                </capMods>
                <statOffsets>
                    <Beauty>-1</Beauty>
                </statOffsets>
            </li>
        </stages>
    </HediffDef>
  
    <HediffDef ParentName="ATR_ChronicDefectiveBase">
        <defName>ATR_DamagedCore</defName>
        <label>core damage</label>
        <description>The memory core of this unit has suffered internal physical damage and is not operating at an appropriate level. This may result in additional transitory memory corruptions and impair functionality until repaired.</description>
        <defaultLabelColor>(0.8, 0.8, 0.5)</defaultLabelColor>
        <stages>
            <li>
                <partEfficiencyOffset>-0.15</partEfficiencyOffset>
                <capMods>
                    <li>
                        <capacity>Talking</capacity>
                        <offset>-0.25</offset>
                    </li>
                    <li>
                        <capacity>Hearing</capacity>
                        <offset>-0.25</offset>
                    </li>
                    <li>
                        <capacity>Consciousness</capacity>
                        <postFactor>0.8</postFactor>
                    </li>
                </capMods>
                <statOffsets>
                    <GlobalLearningFactor>-0.5</GlobalLearningFactor>
                </statOffsets>
                <mentalStateGivers>
                    <li>
                        <mentalState>WanderConfused</mentalState>
                        <mtbDays>5</mtbDays>
                    </li>
                </mentalStateGivers>
            </li>
        </stages>
    </HediffDef>
 
    <HediffDef ParentName="ATR_ChronicDefectiveBase">
        <defName>ATR_FailingCoolantValves</defName>
        <label>failing coolant valves</label>
        <description>The internal coolant valves of this unit are degrading. Over time, the chassis will lose the ability to circulate coolant, leading to severe impediments to repairs and cooling efficiency until repaired.</description>
        <hediffClass>HediffWithComps</hediffClass>
        <initialSeverity>0.001</initialSeverity>
        <lethalSeverity>1</lethalSeverity>
        <defaultLabelColor>(0.8, 0.8, 0.5)</defaultLabelColor>
        <comps>
            <li Class="HediffCompProperties_SeverityPerDay">
                <severityPerDay>0.02</severityPerDay>
            </li>
        </comps>
        <stages>
            <li>
                <minSeverity>0</minSeverity>
                <label>initial</label>
                <capMods>
                    <li>
                        <capacity>BloodPumping</capacity>
                        <offset>-0.10</offset>
                    </li>
                </capMods>
            </li>
            <li>
                <minSeverity>0.2</minSeverity>
                <label>minor</label>
                <capMods>
                    <li>
                        <capacity>BloodPumping</capacity>
                        <offset>-0.2</offset>
                    </li>
                </capMods>
				<statOffsets>
                    <InjuryHealingFactor>-0.2</InjuryHealingFactor>
				</statOffsets>
            </li>
            <li>
                <minSeverity>0.4</minSeverity>
                <label>moderate</label>
                <capMods>
                    <li>
                        <capacity>BloodPumping</capacity>
                        <offset>-0.3</offset>
                    </li>
                </capMods>
				<statOffsets>
                    <InjuryHealingFactor>-0.3</InjuryHealingFactor>
				</statOffsets>
            </li>
            <li>
                <minSeverity>0.6</minSeverity>
                <label>significant</label>
                <capMods>
                    <li>
                        <capacity>BloodPumping</capacity>
                        <offset>-0.5</offset>
                    </li>
                </capMods>
				<statOffsets>
                    <InjuryHealingFactor>-0.5</InjuryHealingFactor>
				</statOffsets>
            </li>
            <li>
                <minSeverity>0.8</minSeverity>
                <label>severe</label>
                <lifeThreatening>true</lifeThreatening>
                <capMods>
                    <li>
                        <capacity>BloodPumping</capacity>
                        <offset>-0.6</offset>
                    </li>
                </capMods>
				<statOffsets>
                    <InjuryHealingFactor>-0.7</InjuryHealingFactor>
				</statOffsets>
            </li>
        </stages>
    </HediffDef>
  
    <HediffDef ParentName="ATR_ChronicDefectiveBase">
        <defName>ATR_RogueMechanites</defName>
        <label>rogue mechanites</label>
        <description>The internal mechanite storage has suffered a critical failure, and the mechanites are decohering and preventing coolant flow. As they build in critical regions and damage coolant lines, they may cause a severe hardware failure unless immediately repaired</description>
        <hediffClass>Hediff_HeartAttack</hediffClass>
        <defaultLabelColor>(0.9, 0.7, 0.5)</defaultLabelColor>
        <initialSeverity>0.2</initialSeverity>
        <lethalSeverity>1</lethalSeverity>
        <comps>
            <li Class="HediffCompProperties_SeverityPerDay">
                <severityPerDay>0.4</severityPerDay>
            </li>
        </comps>
        <tendable>true</tendable>
        <stages>
            <li>
                <label>high coherence</label>
                <lifeThreatening>true</lifeThreatening>
                <capMods>
                    <li>
                        <capacity>Consciousness</capacity>
                        <postFactor>0.85</postFactor>
                    </li>
                </capMods>
            </li>
            <li>
                <label>moderate coherence</label>
                <minSeverity>0.4</minSeverity>
                <lifeThreatening>true</lifeThreatening>
                <capMods>
                    <li>
                        <capacity>Consciousness</capacity>
                        <postFactor>0.5</postFactor>
                    </li>
                </capMods>
            </li>
            <li>
                <label>severe coherence</label>
                <minSeverity>0.8</minSeverity>
                <lifeThreatening>true</lifeThreatening>
                <capMods>
                    <li>
                        <capacity>Consciousness</capacity>
                        <setMax>0.1</setMax>
                    </li>
                </capMods>
            </li>
            <li>
                <label>fatal</label>
                <minSeverity>1</minSeverity>
            </li>
        </stages>
    </HediffDef>
  

</Defs>
