<?xml version="1.0" encoding="utf-8" ?>
<Defs>

    <BodyPartDef>
        <defName>ATR_Framework</defName>
        <label>framework</label>
        <hitPoints>30</hitPoints>
        <permanentInjuryChanceFactor>0</permanentInjuryChanceFactor>
        <skinCovered>false</skinCovered>
        <bleedRate>0</bleedRate>
        <solid>true</solid>
    </BodyPartDef>

    <BodyPartDef>
        <defName>ATR_MechanicalThorax</defName>
        <label>thorax</label>
        <hitPoints>40</hitPoints>
        <permanentInjuryChanceFactor>0</permanentInjuryChanceFactor>
        <skinCovered>false</skinCovered>
        <bleedRate>0</bleedRate>
        <solid>true</solid>
    </BodyPartDef>

    <BodyPartDef>
        <defName>ATR_MechanicalNeck</defName>
        <label>neck</label>
        <hitPoints>30</hitPoints>
        <permanentInjuryChanceFactor>0</permanentInjuryChanceFactor>
        <skinCovered>false</skinCovered>
        <tags>
            <li>BreathingPathway</li>
            <li>EatingPathway</li>
            <li>TalkingPathway</li>
        </tags>
        <bleedRate>0</bleedRate>
        <solid>true</solid>
    </BodyPartDef>

    <BodyPartDef>
        <defName>ATR_MechanicalHead</defName>
        <label>head</label>
        <hitPoints>30</hitPoints>
        <permanentInjuryChanceFactor>0</permanentInjuryChanceFactor>
        <skinCovered>false</skinCovered>
        <bleedRate>0</bleedRate>
        <solid>true</solid>
    </BodyPartDef>

    <BodyPartDef>
        <defName>ATR_VoiceSynthesizer</defName>
        <label>Voice synthesizer</label>
        <hitPoints>15</hitPoints>
        <permanentInjuryChanceFactor>0</permanentInjuryChanceFactor>
        <skinCovered>false</skinCovered>
        <bleedRate>0.2</bleedRate>
        <socketed>true</socketed>
        <tags>
            <li>TalkingSource</li>
        </tags>
    </BodyPartDef>

    <BodyPartDef>
        <defName>ATR_MechanicalVisualSensor</defName>
        <label>visual sensor</label>
        <hitPoints>10</hitPoints>
        <permanentInjuryChanceFactor>0</permanentInjuryChanceFactor>
        <skinCovered>false</skinCovered>
        <tags>
            <li>SightSource</li>
        </tags>
        <bleedRate>0.2</bleedRate>
        <socketed>true</socketed>
    </BodyPartDef>

    <BodyPartDef>
        <defName>ATR_MechanicalAudioSensor</defName>
        <label>audio sensor</label>
        <hitPoints>10</hitPoints>
        <permanentInjuryChanceFactor>0</permanentInjuryChanceFactor>
        <skinCovered>false</skinCovered>
        <tags>
            <li>HearingSource</li>
        </tags>
        <bleedRate>0</bleedRate>
        <solid>true</solid>
    </BodyPartDef>

    <BodyPartDef>
        <defName>ATR_SmellSensor</defName>
        <label>smell sensor</label>
        <hitPoints>10</hitPoints>
        <permanentInjuryChanceFactor>0</permanentInjuryChanceFactor>
        <skinCovered>false</skinCovered>
        <bleedRate>0</bleedRate>
        <solid>true</solid>
    </BodyPartDef>

    <BodyPartDef>
        <defName>ATR_MechanicalShoulder</defName>
        <label>shoulder</label>
        <hitPoints>25</hitPoints>
        <permanentInjuryChanceFactor>0</permanentInjuryChanceFactor>
        <skinCovered>false</skinCovered>
        <tags>
            <li>ManipulationLimbSegment</li>
        </tags>
        <bleedRate>0</bleedRate>
        <solid>true</solid>
    </BodyPartDef>

    <BodyPartDef>
        <defName>ATR_MechanicalArm</defName>
        <label>arm</label>
        <hitPoints>30</hitPoints>
        <permanentInjuryChanceFactor>0</permanentInjuryChanceFactor>
        <skinCovered>false</skinCovered>
        <tags>
            <li>ManipulationLimbCore</li>
        </tags>
        <bleedRate>0</bleedRate>
        <solid>true</solid>
    </BodyPartDef>

    <BodyPartDef>
        <defName>ATR_MechanicalHand</defName>
        <label>hand</label>
        <hitPoints>20</hitPoints>
        <permanentInjuryChanceFactor>0</permanentInjuryChanceFactor>
        <skinCovered>false</skinCovered>
        <tags>
            <li>ManipulationLimbSegment</li>
        </tags>
        <bleedRate>0</bleedRate>
        <solid>true</solid>
    </BodyPartDef>

    <BodyPartDef>
        <defName>ATR_MechanicalFinger</defName>
        <label>finger</label>
        <hitPoints>8</hitPoints>
        <permanentInjuryChanceFactor>0</permanentInjuryChanceFactor>
        <frostbiteVulnerability>0.01</frostbiteVulnerability>
        <skinCovered>false</skinCovered>
        <bleedRate>0</bleedRate>
        <tags>
            <li>ManipulationLimbDigit</li>
        </tags>
        <solid>true</solid>
    </BodyPartDef>

    <BodyPartDef>
        <defName>ATR_MechanicalWaist</defName>
        <label>utility slot</label>
        <hitPoints>20</hitPoints>
        <permanentInjuryChanceFactor>0</permanentInjuryChanceFactor>
        <frostbiteVulnerability>0.00</frostbiteVulnerability>
        <skinCovered>false</skinCovered>
        <bleedRate>0</bleedRate>
        <solid>true</solid>
        <conceptual>true</conceptual>
    </BodyPartDef>

    <BodyPartDef>
        <defName>ATR_MechanicalLeg</defName>
        <label>leg</label>
        <hitPoints>30</hitPoints>
        <permanentInjuryChanceFactor>0</permanentInjuryChanceFactor>
        <skinCovered>false</skinCovered>
        <tags>
            <li>MovingLimbCore</li>
        </tags>
        <bleedRate>0</bleedRate>
        <solid>true</solid>
    </BodyPartDef>

    <BodyPartDef>
        <defName>ATR_MechanicalFoot</defName>
        <label>foot</label>
        <hitPoints>20</hitPoints>
        <permanentInjuryChanceFactor>0</permanentInjuryChanceFactor>
        <frostbiteVulnerability>.01</frostbiteVulnerability>
        <skinCovered>false</skinCovered>
        <tags>
            <li>MovingLimbSegment</li>
        </tags>
        <bleedRate>0</bleedRate>
        <solid>true</solid>
    </BodyPartDef>

    <BodyPartDef>
        <defName>ATR_ArtificialBrain</defName>
        <label>artificial brain</label>
        <hitPoints>30</hitPoints>
        <permanentInjuryChanceFactor>0</permanentInjuryChanceFactor>
        <skinCovered>false</skinCovered>
        <tags>
            <li>ConsciousnessSource</li>
        </tags>
        <bleedRate>0</bleedRate>
        <solid>true</solid>
    </BodyPartDef>

    <BodyPartDef>
        <defName>ATR_CoreAssistant</defName>
        <label>core assistant</label>
        <hitPoints>10</hitPoints>
        <permanentInjuryChanceFactor>0</permanentInjuryChanceFactor>
        <skinCovered>false</skinCovered>
        <bleedRate>0</bleedRate>
        <solid>true</solid>
    </BodyPartDef>

    <BodyPartDef>
        <defName>ATR_CounterWeightTail</defName>
        <label>counterweight</label>
        <hitPoints>20</hitPoints>
        <permanentInjuryChanceFactor>0</permanentInjuryChanceFactor>
        <frostbiteVulnerability>0.01</frostbiteVulnerability>
        <skinCovered>false</skinCovered>
        <tags>
            <li>MovingLimbSegment</li>
        </tags>
        <bleedRate>0</bleedRate>
        <solid>true</solid>
    </BodyPartDef>

    <BodyPartDef>
        <defName>ATR_MechanicalJaw</defName>
        <label>jaw</label>
        <hitPoints>15</hitPoints>
        <permanentInjuryChanceFactor>0</permanentInjuryChanceFactor>
        <skinCovered>false</skinCovered>
        <tags>
            <li>ManipulationLimbCore</li>
        </tags>
        <bleedRate>0</bleedRate>
    </BodyPartDef>

    <BodyPartDef>
        <defName>ATR_MechanicalWing</defName>
        <label>wing</label>
        <hitPoints>20</hitPoints>
        <permanentInjuryChanceFactor>0</permanentInjuryChanceFactor>
        <skinCovered>false</skinCovered>
        <tags>
            <li>ManipulationLimbCore</li>
        </tags>
        <bleedRate>0</bleedRate>
    </BodyPartDef>

    <BodyPartDef>
        <defName>ATR_MechanicalPropeller</defName>
        <label>propeller</label>
        <hitPoints>10</hitPoints>
        <permanentInjuryChanceFactor>0</permanentInjuryChanceFactor>
        <frostbiteVulnerability>0.05</frostbiteVulnerability>
        <skinCovered>false</skinCovered>
        <tags>
            <li>MovingLimbCore</li>
        </tags>
        <bleedRate>0</bleedRate>
        <solid>true</solid>
    </BodyPartDef>

    <BodyPartDef>
        <defName>ATR_CounterWeightTop</defName>
        <label>small counterweight</label>
        <hitPoints>5</hitPoints>
        <permanentInjuryChanceFactor>0</permanentInjuryChanceFactor>
        <frostbiteVulnerability>0.01</frostbiteVulnerability>
        <skinCovered>false</skinCovered>
        <tags>
            <li>MovingLimbSegment</li>
        </tags>
        <bleedRate>0</bleedRate>
        <solid>true</solid>
    </BodyPartDef>

</Defs>
