<?xml version="1.0" encoding="utf-8" ?>
<Defs>

    <ManeuverDef>
        <defName>ATR_FractalLance</defName>
        <requiredCapacity>ATR_FractalLance</requiredCapacity>
        <verb>
            <verbClass>Verb_MeleeAttackDamage</verbClass>
            <meleeDamageDef>ATR_FractalLance</meleeDamageDef>
        </verb>
        <logEntryDef>MeleeAttack</logEntryDef>
        <combatLogRulesHit>Maneuver_Bite_MeleeHit</combatLogRulesHit>
        <combatLogRulesDeflect>Maneuver_Bite_MeleeDeflect</combatLogRulesDeflect>
        <combatLogRulesMiss>Maneuver_Bite_MeleeMiss</combatLogRulesMiss>
        <combatLogRulesDodge>Maneuver_Bite_MeleeDodge</combatLogRulesDodge>
    </ManeuverDef>

</Defs>