﻿<?xml version="1.0" encoding="utf-8"?>
<Defs>

    <TraderKindDef>
        <defName>ATR_Visitor_AndroidCollective_Standard</defName>
        <label>trader</label>
        <stockGenerators>
            <li Class="StockGenerator_SingleDef">
                <thingDef>Silver</thingDef>
                <countRange>
                <min>40</min>
                <max>150</max>
                </countRange>
            </li>
            <li Class="StockGenerator_SingleDef">
                <thingDef>ComponentIndustrial</thingDef>
                        <countRange>
                <min>-2</min>
                <max>3</max>
                </countRange>
            </li>
            <li Class="StockGenerator_SingleDef">
                <thingDef>MealSurvivalPack</thingDef>
                <countRange>
                    <min>2</min>
                    <max>5</max>
                </countRange>
            </li>
            <li Class="StockGenerator_SingleDef">
                <thingDef>ATR_PartPack</thingDef>
                <countRange>
                <min>1</min>
                <max>2</max>
                </countRange>
            </li>
            <li Class="StockGenerator_MarketValue">
                <countRange>
                <min>3</min>
                <max>5</max>
                </countRange>
            </li>
            <li Class="StockGenerator_Category">
                <categoryDef>Drugs</categoryDef>
                <thingDefCountRange>
                    <min>-1</min>
                    <max>1</max>
                </thingDefCountRange>
                <totalPriceRange>
                    <min>50</min>
                    <max>100</max>
                </totalPriceRange>
            </li>
            <li Class="StockGenerator_BuyExpensiveSimple" />
            <li Class="StockGenerator_BuyTradeTag"><tag>Art</tag></li>
            <li Class="StockGenerator_BuyTradeTag"><tag>ImplantEmpireCommon</tag></li>
            <li Class="StockGenerator_BuyTradeTag"><tag>ImplantEmpireRoyal</tag></li>
            <li Class="StockGenerator_BuyTradeTag"><tag>ExoticBuilding</tag></li>
        </stockGenerators>
    </TraderKindDef>

</Defs>
