﻿<?xml version="1.0" encoding="utf-8"?>
<Defs>

    <TraderKindDef>
        <defName>ATR_Caravan_AndroidCollective_BulkGoods</defName>
        <label>bulk goods trader</label>
        <commonality>1</commonality>
        <stockGenerators>
            <li Class="StockGenerator_SingleDef">
                <thingDef>Silver</thingDef>
                <countRange>
                    <min>1250</min>
                    <max>2200</max>
                </countRange>
            </li>
            <li Class="StockGenerator_SingleDef">
                <thingDef>ComponentIndustrial</thingDef>
                <countRange>
                    <min>10</min>
                    <max>40</max>
                </countRange>
            </li>
            <li Class="StockGenerator_SingleDef">
                <thingDef>ComponentSpacer</thingDef>
                <countRange>
                    <min>-2</min>
                    <max>4</max>
                </countRange>
            </li>
            <li Class="StockGenerator_SingleDef">
                <thingDef>Steel</thingDef>
                <countRange>
                    <min>250</min>
                    <max>400</max>
                </countRange>
            </li>
            <li Class="StockGenerator_SingleDef">
                <thingDef>Cloth</thingDef>
                <countRange>
                    <min>50</min>
                    <max>200</max>
                </countRange>
            </li>
            <li Class="StockGenerator_Category">
                <categoryDef>FoodRaw</categoryDef>
                <excludedCategories><li>EggsFertilized</li></excludedCategories>
                <thingDefCountRange>
                    <min>3</min>
                    <max>3</max>
                </thingDefCountRange>
                <totalPriceRange>
                    <min>150</min>
                    <max>600</max>
                </totalPriceRange>
            </li>
            <li Class="StockGenerator_Category">
                <categoryDef>BuildingsFurniture</categoryDef>
                <thingDefCountRange>
                    <min>2</min>
                    <max>4</max>
                </thingDefCountRange>
                <countRange>
                    <min>1</min>
                    <max>1</max>
                </countRange>
            </li>
            <li Class="StockGenerator_SingleDef">
                <thingDef>Chemfuel</thingDef>
                <countRange>
                    <min>250</min>
                    <max>400</max>
                </countRange>
            </li>
            <li Class="StockGenerator_SingleDef">
                <thingDef>Neutroamine</thingDef>
                <countRange>
                    <min>70</min>
                    <max>160</max>
                </countRange>
            </li>
            <li Class="StockGenerator_Animals">
                <maxWildness>0.50</maxWildness>
                <tradeTagsSell>
                    <li>ATR_MechanicalAnimal</li>
                </tradeTagsSell>
                <tradeTagsBuy>
                    <li>ATR_MechanicalAnimal</li>
                </tradeTagsBuy>
                <kindCountRange>
                    <min>0</min>
                    <max>2</max>
                </kindCountRange>
                <countRange>
                    <min>1</min>
                    <max>4</max>
                </countRange>
            </li>
            <li Class="StockGenerator_Category">
                <categoryDef>Drugs</categoryDef>
            </li>
            <li Class="StockGenerator_Category">
                <categoryDef>Textiles</categoryDef>
            </li>
            <li Class="StockGenerator_BuyExpensiveSimple" />
            <li Class="StockGenerator_BuyTradeTag"><tag>Art</tag></li>
        </stockGenerators>
    </TraderKindDef>

    <TraderKindDef>
        <defName>Caravan_AndroidCollective_CombatSupplier</defName>
        <label>combat supplier</label>
        <commonality>1</commonality>
        <stockGenerators>
            <li Class="StockGenerator_SingleDef">
                <thingDef>Silver</thingDef>
                <countRange>
                            <min>2500</min>
                            <max>3200</max>
                </countRange>
            </li>
            <li Class="StockGenerator_MarketValue">
                <countRange>
                <min>11</min>
                <max>18</max>
                </countRange>
            </li>
            <li Class="StockGenerator_Category">
                <categoryDef>WeaponsMelee</categoryDef>
                <thingDefCountRange>
                <min>1</min>
                <max>3</max>
                </thingDefCountRange>
                <countRange>
                    <min>1</min>
                    <max>1</max>
                </countRange>
            </li>
            <li Class="StockGenerator_SingleDef">
                <thingDef>MedicineIndustrial</thingDef>
                <countRange>
                <min>10</min>
                <max>20</max>
                </countRange>
            </li>
            <li Class="StockGenerator_SingleDef">
                <thingDef>ATR_RepairStimIntermediate</thingDef>
                <countRange>
                <min>10</min>
                <max>20</max>
                </countRange>
            </li>
            <li Class="StockGenerator_SingleDef">
                <thingDef>ATR_PartPack</thingDef>
                <countRange>
                    <min>5</min>
                    <max>15</max>
                </countRange>
            </li>
            <li Class="StockGenerator_Tag">
                <tradeTag>MortarShell</tradeTag>
                <thingDefCountRange>
                    <min>1</min>
                    <max>3</max>
                </thingDefCountRange>
                <countRange>
                    <min>3</min>
                    <max>15</max>
                </countRange>
            </li>
            <li Class="StockGenerator_BuyExpensiveSimple" />
            <li Class="StockGenerator_BuyTradeTag"><tag>Art</tag></li>
        </stockGenerators>
    </TraderKindDef>

    <TraderKindDef>
        <defName>Caravan_AndroidCollective_AndroidMerchant</defName>
        <label>android merchant</label>
        <commonality>0.5</commonality>
        <stockGenerators>
            <li Class="StockGenerator_SingleDef">
                <thingDef>Silver</thingDef>
                <countRange>
                    <min>3750</min>
                    <max>5200</max>
                </countRange>
            </li>
            <li Class="StockGenerator_SingleDef">
                <thingDef>ATR_RepairStimIntermediate</thingDef>
                <countRange>
                    <min>10</min>
                    <max>20</max>
                </countRange>
            </li>
            <li Class="StockGenerator_SingleDef">
                <thingDef>ATR_PartPack</thingDef>
                <countRange>
                    <min>5</min>
                    <max>15</max>
                </countRange>
            </li>
            <li Class="StockGenerator_Tag">
                <tradeTag>MortarShell</tradeTag>
                <thingDefCountRange>
                <min>-1</min>
                <max>2</max>
                </thingDefCountRange>
                <countRange>
                    <min>1</min>
                    <max>10</max>
                </countRange>
            </li>
            <li Class="StockGenerator_Category">
                <categoryDef>Drugs</categoryDef>
                <thingDefCountRange>
                    <min>2</min>
                    <max>4</max>
                </thingDefCountRange>
                <totalPriceRange>
                    <min>600</min>
                    <max>1000</max>
                </totalPriceRange>
            </li>
            <li Class="StockGenerator_Category">
                <categoryDef>ATR_BodyPartsMechanical</categoryDef>
                <thingDefCountRange>
                    <min>3</min>
                    <max>6</max>
                </thingDefCountRange>
                <totalPriceRange>
                    <min>200</min>
                    <max>4000</max>
                </totalPriceRange>
            </li>
            <li Class="StockGenerator_Animals">
                <tradeTagsSell>
                    <li>ATR_MechanicalAnimal</li>
                </tradeTagsSell>
                <tradeTagsBuy>
                    <li>ATR_MechanicalAnimal</li>
                </tradeTagsBuy>
                <kindCountRange>
                    <min>1</min>
                    <max>2</max>
                </kindCountRange>
                <countRange>
                    <min>1</min>
                    <max>5</max>
                </countRange>
            </li>
            <li Class="StockGenerator_BuyExpensiveSimple" />
            <li Class="StockGenerator_BuyTradeTag"><tag>Art</tag></li>
            <li Class="StockGenerator_BuySingleDef">
                <thingDef>Gold</thingDef>
            </li>
        </stockGenerators>
    </TraderKindDef>

    <TraderKindDef>
        <defName>Caravan_AndroidCollective_HighTech</defName>
        <label>high-tech goods trader</label>
        <commonality>0.5</commonality>
        <stockGenerators>
            <li Class="StockGenerator_SingleDef">
                <thingDef>Silver</thingDef>
                <countRange>
                    <min>1750</min>
                    <max>2200</max>
                </countRange>
            </li>
            <li Class="StockGenerator_SingleDef">
                <thingDef>ComponentIndustrial</thingDef>
                <countRange>
                    <min>6</min>
                    <max>20</max>
                </countRange>
            </li>
            <li Class="StockGenerator_SingleDef">
                <thingDef>ComponentSpacer</thingDef>
                <countRange>
                <min>1</min>
                <max>10</max>
                </countRange>
            </li>
            <li Class="StockGenerator_SingleDef">
                <thingDef>Plasteel</thingDef>
                <countRange>
                    <min>50</min>
                    <max>150</max>
                </countRange>
            </li>
            <li Class="StockGenerator_SingleDef">
                <thingDef>Gold</thingDef>
                <countRange>
                    <min>40</min>
                    <max>80</max>
                </countRange>
            </li>
            <li Class="StockGenerator_SingleDef">
                <thingDef>ATR_RepairStimAdvanced</thingDef>
                <countRange>
                    <min>2</min>
                    <max>8</max>
                </countRange>
            </li>
            <li Class="StockGenerator_Tag">
                <tradeTag>ExoticMisc</tradeTag>
                <thingDefCountRange>
                    <min>2</min>
                    <max>4</max>
                </thingDefCountRange>
                <countRange>
                    <min>1</min>
                    <max>1</max>
                </countRange>
                <excludedThingDefs>
                    <li>ComponentSpacer</li> <!-- already handled by single def -->
                </excludedThingDefs>
                <customCountRanges>
                    <Luciferium>7~25</Luciferium>
                    <Hyperweave>40~120</Hyperweave>
                </customCountRanges>
            </li>
            <li Class="StockGenerator_Tag">
                <tradeTag>TechHediff</tradeTag>
                <thingDefCountRange>
                    <min>-1</min>
                    <max>2</max>
                </thingDefCountRange>
                <countRange>
                    <min>1</min>
                    <max>1</max>
                </countRange>
            </li>
            <li Class="StockGenerator_Tag">
                <tradeTag>Artifact</tradeTag>
                <thingDefCountRange>
                    <min>1</min>
                    <max>3</max>
                </thingDefCountRange>
                <countRange>
                    <min>1</min>
                    <max>1</max>
                </countRange>
            </li>
            <li Class="StockGenerator_Tag">
                <tradeTag>Television</tradeTag>
                <thingDefCountRange>
                    <min>1</min>
                    <max>2</max>
                </thingDefCountRange>
                <countRange>
                    <min>1</min>
                    <max>1</max>
                </countRange>
            </li>
            <li Class="StockGenerator_SingleDef">
                <thingDef>Telescope</thingDef>
                <countRange>
                    <min>0</min>
                    <max>1</max>
                </countRange>
            </li>
            <li Class="StockGenerator_Animals">
                <tradeTagsSell>
                    <li>ATR_MechanicalAnimal</li>
                </tradeTagsSell>
                <tradeTagsBuy>
                    <li>ATR_MechanicalAnimal</li>
                </tradeTagsBuy>
                <kindCountRange>
                    <min>1</min>
                    <max>4</max>
                </kindCountRange>
                <countRange>
                    <min>1</min>
                    <max>5</max>
                </countRange>
            </li>
            <li Class="StockGenerator_BuyExpensiveSimple" />
            <li Class="StockGenerator_BuyTradeTag"><tag>Art</tag></li>
            <li Class="StockGenerator_BuyTradeTag"><tag>ImplantEmpireCommon</tag></li>
            <li Class="StockGenerator_BuyTradeTag"><tag>ImplantEmpireRoyal</tag></li>
            <li Class="StockGenerator_BuyTradeTag"><tag>ExoticBuilding</tag></li>
        </stockGenerators>
    </TraderKindDef>

</Defs>
