<?xml version="1.0" encoding="utf-8" ?>
<Defs>

  	<!-- Base Core Assistant -->

	<HediffDef Name="ATR_AddedBodyPartCoreAssistantBase" ParentName="ATR_MechAddedBodyPartBase" Abstract="True">
		<defaultLabelColor>(0.7, 0.6, 0.7)</defaultLabelColor>
	</HediffDef>

	<ThingDef Name="ATR_BodyPartCoreAssistantBase" ParentName="ATR_MechBodyPartBase" Abstract="True">
		<techLevel>Spacer</techLevel>
		<graphicData>
			<texPath>Things/Items/BodyParts/OrganPurple</texPath>
			<graphicClass>Graphic_Single</graphicClass>
		</graphicData>
		<tradeTags>
			<li>Bionic</li>
		</tradeTags>
		<techHediffsTags>
			<li>Advanced</li>
		</techHediffsTags>
		<statBases>
            <MarketValue>600</MarketValue>
			<WorkToMake>16000</WorkToMake>
			<Mass>1</Mass>
		</statBases>
		<recipeMaker>
			<workSpeedStat>GeneralLaborSpeed</workSpeedStat>
			<workSkill>Crafting</workSkill>
			<effectWorking>Smith</effectWorking>
			<soundWorking>Recipe_Smith</soundWorking>
			<unfinishedThingDef>UnfinishedHealthItemBionic</unfinishedThingDef>
			<skillRequirements>
				<Crafting>12</Crafting>
				<Intellectual>12</Intellectual>
			</skillRequirements>
			<researchPrerequisite>ATR_CoreAssistants</researchPrerequisite>
			<recipeUsers>
				<li>ATR_MechPartWorkbench</li>
			</recipeUsers>
		</recipeMaker>
		<thingSetMakerTags><li>RewardSpecial</li></thingSetMakerTags>
	</ThingDef>

	<RecipeDef Name="ATR_SurgeryCoreAssistant" ParentName="ATR_MechanicalSurgeryInstallBodyPartBase" Abstract="True">
		<jobString>Installing core assistant.</jobString>
    	<skillRequirements>
			<Crafting>12</Crafting>
			<Intellectual>10</Intellectual>
    	</skillRequirements>
		<workAmount>2800</workAmount>
		<surgerySuccessChanceFactor>0.75</surgerySuccessChanceFactor>
		<deathOnFailedSurgeryChance>0.10</deathOnFailedSurgeryChance>
		<appliedOnFixedBodyParts>
			<li>ATR_CoreAssistant</li>
		</appliedOnFixedBodyParts>
		<anesthetize>false</anesthetize>
	</RecipeDef>

  	<!-- Insight Assistant -->

  	<HediffDef ParentName="ATR_AddedBodyPartCoreAssistantBase">
    	<defName>ATR_InsightAssistant</defName>
    	<label>Insight assistant</label>
	  	<description>Installed assistant that assists the core intelligence with a number of tasks. This assistant is specialized in the identification, categorization, and application of new insights and opportunities for learning in whatever field the core intelligence handles. It is also capable of independently generating new theories and assisting with research.</description>
		<stages>
			<li>
				<statOffsets>
					<GlobalLearningFactor>1</GlobalLearningFactor>
				</statOffsets>
                <statFactors>
                    <HackingSpeed MayRequire="Ludeon.RimWorld.Ideology">1.6</HackingSpeed>
					<ResearchSpeed>1.6</ResearchSpeed>
                </statFactors>
			</li>
		</stages>
    	<spawnThingOnRemoved>ATR_InsightAssistant</spawnThingOnRemoved>
  	</HediffDef>

  	<ThingDef ParentName="ATR_BodyPartCoreAssistantBase">
    	<defName>ATR_InsightAssistant</defName>
    	<label>Insight assistant chip</label>
	  	<description>This sub-core chip assists the core intelligence with a number of tasks. This assistant is specialized in the identification, categorization, and application of new insights and opportunities for learning in whatever field the core intelligence handles. It is also capable of independently generating new theories and assisting with research.</description>
		<costList>
			<Plasteel>20</Plasteel>
			<ComponentIndustrial>4</ComponentIndustrial>
			<ComponentSpacer>2</ComponentSpacer>
		</costList>
  	</ThingDef>

  	<RecipeDef ParentName="ATR_SurgeryCoreAssistant">
		<defName>ATR_Install_InsightAssistant</defName>
		<label>Install insight assistant</label>
		<description>Installs an insight assistant into the sub-core assistant slot of a unit.</description>
		<jobString>Installing insight assistant.</jobString>
		<ingredients>
			<li>
				<filter>
					<thingDefs>
						<li>ATR_InsightAssistant</li>
					</thingDefs>
				</filter>
				<count>1</count>
			</li>
		</ingredients>
		<fixedIngredientFilter>
			<thingDefs>
				<li>ATR_InsightAssistant</li>
			</thingDefs>
		</fixedIngredientFilter>
		<addsHediff>ATR_InsightAssistant</addsHediff>
	</RecipeDef>

  	<!-- General Assistant -->

  	<HediffDef ParentName="ATR_AddedBodyPartCoreAssistantBase">
		<defName>ATR_GeneralAssistant</defName>
		<label>General assistant</label>
	  	<description>Installed assistant that assists the core intelligence with a number of tasks. This assistant is deliberately unspecialized, instead possessing dedicated processes to a wide range of tasks. This results in vast speed increases in the rate at which any task where quality is a concern can be completed - it allows the core intelligence to focus on quality while it handles less intricate details.</description>
		<stages>
			<li>
                <statFactors>
					<GeneralLaborSpeed>1.4</GeneralLaborSpeed>
					<WorkSpeedGlobal>1.2</WorkSpeedGlobal>
                </statFactors>
			</li>
		</stages>
    	<spawnThingOnRemoved>ATR_GeneralAssistant</spawnThingOnRemoved>
  	</HediffDef>

  	<ThingDef ParentName="ATR_BodyPartCoreAssistantBase">
		<defName>ATR_GeneralAssistant</defName>
		<label>General assistant chip</label>
	  	<description>This sub-core chip assists the core intelligence with a number of tasks. This assistant is deliberately unspecialized, instead possessing dedicated processes to a wide range of tasks. This results in vast speed increases in the rate at which any task where quality is a concern can be completed - it allows the core intelligence to focus on quality while it handles less intricate details.</description>
		<costList>
			<Plasteel>20</Plasteel>
			<ComponentIndustrial>4</ComponentIndustrial>
			<ComponentSpacer>2</ComponentSpacer>
		</costList>
  	</ThingDef>

  	<RecipeDef ParentName="ATR_SurgeryCoreAssistant">
		<defName>ATR_Install_GeneralAssistant</defName>
		<label>Install general assistant</label>
		<description>Installs a general assistant into the sub-core assistant slot of a unit.</description>
		<jobString>Installing general assistant.</jobString>
		<ingredients>
			<li>
				<filter>
					<thingDefs>
						<li>ATR_GeneralAssistant</li>
					</thingDefs>
				</filter>
				<count>1</count>
			</li>
		</ingredients>
		<fixedIngredientFilter>
			<thingDefs>
				<li>ATR_GeneralAssistant</li>
			</thingDefs>
		</fixedIngredientFilter>
		<addsHediff>ATR_GeneralAssistant</addsHediff>
	</RecipeDef>

  	<!-- Combat Assistant -->

  	<HediffDef ParentName="ATR_AddedBodyPartCoreAssistantBase">
    	<defName>ATR_CombatAssistant</defName>
    	<label>Combat assistant</label>
	  	<description>Installed assistant that assists the core intelligence with a number of tasks. This assistant is specialized for combat and threat analysis scenarios. Capable of autonomously identifying tactical opportunities and suggesting real-time responses to incoming fire on the battlefield, this chip is widely considered to be responsible for stories of mechanical combat units making tactical analysts and commanders look obsolete.\n\nThe assistant's constant tactical analysis drains work efficiency, however.</description>
		<stages>
			<li>
				<statOffsets>
					<ShootingAccuracyPawn>2</ShootingAccuracyPawn>
          			<MeleeHitChance>2</MeleeHitChance>
          			<MeleeDodgeChance>5</MeleeDodgeChance>
				</statOffsets>
                <statFactors>
					<HuntingStealth>1.2</HuntingStealth>
                    <IncomingDamageFactor>0.8</IncomingDamageFactor>
					<AimingDelayFactor>0.9</AimingDelayFactor>
					<MeleeWeapon_CooldownMultiplier>0.9</MeleeWeapon_CooldownMultiplier>
                    <WorkSpeedGlobal>0.8</WorkSpeedGlobal>
                </statFactors>
			</li>
		</stages>
    	<spawnThingOnRemoved>ATR_CombatAssistant</spawnThingOnRemoved>
  	</HediffDef>

  	<ThingDef ParentName="ATR_BodyPartCoreAssistantBase">
    	<defName>ATR_CombatAssistant</defName>
    	<label>Combat assistant chip</label>
	  	<description>This sub-core chip assists the core intelligence with a number of tasks. This assistant is specialized for combat and threat analysis scenarios. Capable of autonomously identifying tactical opportunities and suggesting real-time responses to incoming fire on the battlefield, this chip is widely considered to be responsible for stories of mechanical combat units making tactical analysts and commanders look obsolete.\n\nThe assistant's constant tactical analysis drains work efficiency, however.</description>
    	<costList>
			<Plasteel>20</Plasteel>
			<ComponentIndustrial>4</ComponentIndustrial>
			<ComponentSpacer>2</ComponentSpacer>
		</costList>
  	</ThingDef>

  	<RecipeDef ParentName="ATR_SurgeryCoreAssistant">
		<defName>ATR_Install_CombatAssistant</defName>
		<label>Install combat assistant</label>
		<description>Installs a combat assistant into the sub-core assistant slot of a unit.</description>
		<jobString>Installing combat assistant.</jobString>
		<ingredients>
			<li>
				<filter>
					<thingDefs>
						<li>ATR_CombatAssistant</li>
					</thingDefs>
				</filter>
				<count>1</count>
			</li>
		</ingredients>
		<fixedIngredientFilter>
			<thingDefs>
				<li>ATR_CombatAssistant</li>
			</thingDefs>
		</fixedIngredientFilter>
		<addsHediff>ATR_CombatAssistant</addsHediff>
	</RecipeDef>

  	<!-- Mechanic Assistant -->

  	<HediffDef ParentName="ATR_AddedBodyPartCoreAssistantBase">
		<defName>ATR_MechanicAssistant</defName>
		<label>Mechanic assistant</label>
	  	<description>Installed assistant that assists the core intelligence with a number of tasks. This assistant is specialized for engineering and mechanic tasks. Possessing a large library of sub-routines for optimally designing and creating parts as well as installing, repairing, or altering them, chips like these are often banned on worlds with strong mechanic unions to prevent total dominance of the industry by purpose built machines.</description>
		<stages>
			<li>
				<statOffsets>
					<ButcheryMechanoidEfficiency>0.5</ButcheryMechanoidEfficiency>
          			<ATR_MechanicalTendQuality>0.25</ATR_MechanicalTendQuality>
				</statOffsets>
                <statFactors>
					<ATR_MechanicalSurgerySuccessChance>1.2</ATR_MechanicalSurgerySuccessChance>
					<ButcheryMechanoidSpeed>1.6</ButcheryMechanoidSpeed>
                    <ATR_MechanicalTendSpeed>1.6</ATR_MechanicalTendSpeed>
                </statFactors>
			</li>
		</stages>
    	<spawnThingOnRemoved>ATR_MechanicAssistant</spawnThingOnRemoved>
  	</HediffDef>

  	<ThingDef ParentName="ATR_BodyPartCoreAssistantBase">
    	<defName>ATR_MechanicAssistant</defName>
    	<label>Mechanic assistant chip</label>
	  	<description>This sub-core chip assists the core intelligence with a number of tasks. This assistant is specialized for engineering and mechanic tasks. Possessing a large library of sub-routines for optimally designing and creating parts as well as installing, repairing, or altering them, chips like these are often banned on worlds with strong mechanic unions to prevent total dominance of the industry by purpose built machines.</description>
    	<costList>
			<Plasteel>20</Plasteel>
			<ComponentIndustrial>4</ComponentIndustrial>
			<ComponentSpacer>2</ComponentSpacer>
    	</costList>
  	</ThingDef>

  	<RecipeDef ParentName="ATR_SurgeryCoreAssistant">
		<defName>ATR_Install_MechanicAssistant</defName>
		<label>Install mechanic assistant</label>
		<description>Installs a mechanic assistant into the sub-core assistant slot of a unit.</description>
		<jobString>Installing mechanic assistant.</jobString>
		<ingredients>
			<li>
				<filter>
					<thingDefs>
						<li>ATR_MechanicAssistant</li>
					</thingDefs>
				</filter>
				<count>1</count>
			</li>
		</ingredients>
		<fixedIngredientFilter>
			<thingDefs>
				<li>ATR_MechanicAssistant</li>
			</thingDefs>
		</fixedIngredientFilter>
		<addsHediff>ATR_MechanicAssistant</addsHediff>
	</RecipeDef>

  	<!-- Construction Assistant -->

  	<HediffDef ParentName="ATR_AddedBodyPartCoreAssistantBase">
    	<defName>ATR_ConstructionAssistant</defName>
    	<label>Construction assistant</label>
	  	<description>Installed assistant that assists the core intelligence with a number of tasks. This assistant is specialized for architecture and construction tasks. An in-depth archive of the exact characteristics of building materials, tools, practices, and styles ensures the unit has every piece of information it could possibly need when approaching a task. Automatic sub-routines for measuring, examining, and analyzing physical objects and spaces also permit quicker calculations on placement, force, and safety.</description>
		<stages>
			<li>
				<statOffsets>
					<ConstructSuccessChance>0.4</ConstructSuccessChance>
					<FixBrokenDownBuildingSuccessChance>0.4</FixBrokenDownBuildingSuccessChance>
				</statOffsets>
                <statFactors>
					<ConstructionSpeedFactor>1.6</ConstructionSpeedFactor>
					<SmoothingSpeed>1.6</SmoothingSpeed>
                </statFactors>
			</li>
		</stages>
    	<spawnThingOnRemoved>ATR_ConstructionAssistant</spawnThingOnRemoved>
  	</HediffDef>

  	<ThingDef ParentName="ATR_BodyPartCoreAssistantBase">
    	<defName>ATR_ConstructionAssistant</defName>
    	<label>Construction assistant chip</label>
	  	<description>This sub-core chip assists the core intelligence with a number of tasks. This assistant is specialized for architecture and construction tasks. An in-depth archive of the exact characteristics of building materials, tools, practices, and styles ensures the unit has every piece of information it could possibly need when approaching a task. Automatic sub-routines for measuring, examining, and analyzing physical objects and spaces also permit quicker calculations on placement, force, and safety.</description>
    	<costList>
			<Plasteel>20</Plasteel>
			<ComponentIndustrial>4</ComponentIndustrial>
			<ComponentSpacer>2</ComponentSpacer>
    	</costList>
  	</ThingDef>

  	<RecipeDef ParentName="ATR_SurgeryCoreAssistant">
		<defName>ATR_Install_ConstructionAssistant</defName>
		<label>Install construction assistant</label>
		<description>Installs a construction assistant into the sub-core assistant slot of a unit.</description>
		<jobString>Installing construction assistant.</jobString>
		<ingredients>
			<li>
				<filter>
					<thingDefs>
						<li>ATR_ConstructionAssistant</li>
					</thingDefs>
				</filter>
				<count>1</count>
			</li>
		</ingredients>
		<fixedIngredientFilter>
			<thingDefs>
				<li>ATR_ConstructionAssistant</li>
			</thingDefs>
		</fixedIngredientFilter>
		<addsHediff>ATR_ConstructionAssistant</addsHediff>
	</RecipeDef>

  	<!-- Excavation Assistant -->

  	<HediffDef ParentName="ATR_AddedBodyPartCoreAssistantBase">
		<defName>ATR_ExcavationAssistant</defName>
		<label>Excavation assistant</label>
	  	<description>Installed assistant that assists the core intelligence with a number of tasks. This assistant is specialized for optimizing mineral identification, categorization, and extraction. A comprehension archive of mineral and material properties permits much more precise and efficient mining operations, leading to significant yield increases and operational capacity. Autonomous sub-routines also optimize the processes of excavator technology like deep drills.</description>
		<stages>
			<li>
				<statOffsets>
					<MiningYield>0.5</MiningYield>
				</statOffsets>
                <statFactors>
					<MiningSpeed>1.6</MiningSpeed>
          			<DeepDrillingSpeed>1.6</DeepDrillingSpeed>
                </statFactors>
			</li>
		</stages>
    	<spawnThingOnRemoved>ATR_ExcavationAssistant</spawnThingOnRemoved>
  	</HediffDef>

  	<ThingDef ParentName="ATR_BodyPartCoreAssistantBase">
    	<defName>ATR_ExcavationAssistant</defName>
    	<label>Excavation assistant chip</label>
	  	<description>This sub-core chip assists the core intelligence with a number of tasks. This assistant is specialized for optimizing mineral identification, categorization, and extraction. A comprehension archive of mineral and material properties permits much more precise and efficient mining operations, leading to significant yield increases and operational capacity. Autonomous sub-routines also optimize the processes of excavator technology like deep drills.</description>
    	<costList>
			<Plasteel>20</Plasteel>
			<ComponentIndustrial>4</ComponentIndustrial>
			<ComponentSpacer>2</ComponentSpacer>
    	</costList>
  	</ThingDef>

  	<RecipeDef ParentName="ATR_SurgeryCoreAssistant">
		<defName>ATR_Install_ExcavationAssistant</defName>
		<label>Install excavator assistant</label>
		<description>Installs an excavator assistant into the sub-core assistant slot of a unit.</description>
		<jobString>Installing excavator assistant.</jobString>
		<ingredients>
			<li>
				<filter>
					<thingDefs>
						<li>ATR_ExcavationAssistant</li>
					</thingDefs>
				</filter>
				<count>1</count>
			</li>
		</ingredients>
		<fixedIngredientFilter>
			<thingDefs>
				<li>ATR_ExcavationAssistant</li>
			</thingDefs>
		</fixedIngredientFilter>
		<addsHediff>ATR_ExcavationAssistant</addsHediff>
	</RecipeDef>

  	<!-- Victual Assistant -->

  	<HediffDef ParentName="ATR_AddedBodyPartCoreAssistantBase">
		<defName>ATR_VictualAssistant</defName>
		<label>Victual assistant</label>
	  	<description>Installed assistant that assists the core intelligence with a number of tasks. This assistant is specialized for the processing and preparation of organic substances - namely, food and drugs. An array of autonomous sub-routines combined with a vast library of references on the nature, composition, and behavior of organic matter tailored with a focus on their proper usage ensures top-of-the-line quality substances with minimal waste.</description>
		<stages>
			<li>
				<statOffsets>
					<ButcheryFleshEfficiency>0.5</ButcheryFleshEfficiency>
				</statOffsets>
                <statFactors>
					<ButcheryFleshSpeed>1.2</ButcheryFleshSpeed>
					<CookSpeed>1.2</CookSpeed>
					<FoodPoisonChance>0</FoodPoisonChance>
                </statFactors>
			</li>
		</stages>
   		<spawnThingOnRemoved>ATR_VictualAssistant</spawnThingOnRemoved>
  	</HediffDef>

  	<ThingDef ParentName="ATR_BodyPartCoreAssistantBase">
		<defName>ATR_VictualAssistant</defName>
		<label>Victual assistant chip</label>
	  	<description>This sub-core chip assists the core intelligence with a number of tasks. This assistant is specialized for the processing and preparation of organic substances - namely, food. An array of autonomous sub-routines combined with a vast library of references on the nature, composition, and behavior of organic matter tailored with a focus on their proper usage ensures top-of-the-line quality substances with minimal waste.</description>
    	<costList>
			<Plasteel>20</Plasteel>
			<ComponentIndustrial>4</ComponentIndustrial>
			<ComponentSpacer>2</ComponentSpacer>
    	</costList>
  	</ThingDef>

  	<RecipeDef ParentName="ATR_SurgeryCoreAssistant">
		<defName>ATR_Install_VictualAssistant</defName>
		<label>Install victual assistant</label>
		<description>Installs a victual assistant into the sub-core assistant slot of a unit.</description>
		<jobString>Installing victual assistant.</jobString>
		<ingredients>
			<li>
				<filter>
					<thingDefs>
						<li>ATR_VictualAssistant</li>
					</thingDefs>
				</filter>
				<count>1</count>
			</li>
		</ingredients>
		<fixedIngredientFilter>
			<thingDefs>
				<li>ATR_VictualAssistant</li>
			</thingDefs>
		</fixedIngredientFilter>
		<addsHediff>ATR_VictualAssistant</addsHediff>
	</RecipeDef>

  	<!-- Cultivation Assistant -->

  	<HediffDef ParentName="ATR_AddedBodyPartCoreAssistantBase">
		<defName>ATR_CultivationAssistant</defName>
		<label>Cultivation assistant</label>
	  	<description>Installed assistant that assists the core intelligence with a number of tasks. This assistant is specialized for the cultivation of flora and fauna. With a massive archive of data with painstakingly accurate insights on every plant and animal known to exist on the planet, autonomous sub-routines allow the unit to identify key behaviors, stressors, and to some base extent allow "communication" with target species via specific behaviors and pheromones. \n\nCuriously, this occasionally makes the mechanical unit itself display almost parental affection for lesser intelligences.</description>
		<stages>
			<li>
				<statOffsets>
					<PlantHarvestYield>0.5</PlantHarvestYield>
					<DrugHarvestYield>0.5</DrugHarvestYield>
					<AnimalGatherYield>0.5</AnimalGatherYield>
				</statOffsets>
                <statFactors>
					<BondAnimalChanceFactor MayRequire="Ludeon.RimWorld.Ideology">1.5</BondAnimalChanceFactor>
					<TameAnimalChance>1.2</TameAnimalChance>
					<TrainAnimalChance>1.2</TrainAnimalChance>
					<PlantWorkSpeed>1.6</PlantWorkSpeed>
					<AnimalGatherSpeed>1.6</AnimalGatherSpeed>
                </statFactors>
			</li>
		</stages>
    	<spawnThingOnRemoved>ATR_CultivationAssistant</spawnThingOnRemoved>
  	</HediffDef>

  	<ThingDef ParentName="ATR_BodyPartCoreAssistantBase">
		<defName>ATR_CultivationAssistant</defName>
		<label>Cultivation assistant</label>
	  	<description>This sub-core chip assists the core intelligence with a number of tasks. This assistant is specialized for the cultivation of flora and fauna. With a massive archive of data with painstakingly accurate insights on every plant and animal known to exist on the planet, autonomous sub-routines allow the unit to identify key behaviors, stressors, and to some base extent allow "communication" with target species via specific behaviors and pheromones. \n\nCuriously, this occasionally makes the mechanical unit itself display almost parental affection for lesser intelligences.</description>
    	<costList>
			<Plasteel>20</Plasteel>
			<ComponentIndustrial>4</ComponentIndustrial>
			<ComponentSpacer>2</ComponentSpacer>
    	</costList>
  	</ThingDef>

  	<RecipeDef ParentName="ATR_SurgeryCoreAssistant">
		<defName>ATR_Install_CultivationAssistant</defName>
		<label>Install cultivation assistant</label>
		<description>Installs a cultivation assistant into the sub-core assistant slot of a unit.</description>
		<jobString>Installing cultivation assistant.</jobString>
		<ingredients>
			<li>
				<filter>
					<thingDefs>
						<li>ATR_CultivationAssistant</li>
					</thingDefs>
				</filter>
				<count>1</count>
			</li>
		</ingredients>
		<fixedIngredientFilter>
			<thingDefs>
				<li>ATR_CultivationAssistant</li>
			</thingDefs>
		</fixedIngredientFilter>
		<addsHediff>ATR_CultivationAssistant</addsHediff>
	</RecipeDef>

  	<!-- Medicine Assistant -->

  	<HediffDef ParentName="ATR_AddedBodyPartCoreAssistantBase">
		<defName>ATR_MedicineAssistant</defName>
		<label>Medicine assistant</label>
		<description>Installed assistant that assists the core intelligence with a number of tasks. This assistant is specialized for treatment of organic injuries and for organic surgeries. An array of sub-routines and procedures assists in identifying, categorizing, and analyzing organic issues and provides remedial suggestions. \n\nThis device also lends itself well to performing simple repairs on mechanical units.</description>
		<stages>
			<li>
				<statOffsets>
                    <MedicalTendQuality>0.25</MedicalTendQuality>
				</statOffsets>
                <statFactors>
                    <MedicalSurgerySuccessChance>1.2</MedicalSurgerySuccessChance>
                    <MedicalTendSpeed>1.6</MedicalTendSpeed>
                    <MedicalOperationSpeed>1.6</MedicalOperationSpeed>
                </statFactors>
			</li>
		</stages>
    	<spawnThingOnRemoved>ATR_MedicineAssistant</spawnThingOnRemoved>
  	</HediffDef>

   	<ThingDef ParentName="ATR_BodyPartCoreAssistantBase">
		<defName>ATR_MedicineAssistant</defName>
		<label>Medicine assistant chip</label>
		<description>This sub-core chip assists the core intelligence with a number of tasks. This assistant is specialized for treatment of organic injuries and for organic surgeries. An array of sub-routines and procedures assists in identifying, categorizing, and analyzing organic issues and provides remedial suggestions. \n\nThis device also lends itself well to performing simple repairs on mechanical units.</description>
    	<costList>
			<Plasteel>20</Plasteel>
			<ComponentIndustrial>4</ComponentIndustrial>
			<ComponentSpacer>2</ComponentSpacer>
		</costList>
  	</ThingDef>

  	<RecipeDef ParentName="ATR_SurgeryCoreAssistant">
		<defName>ATR_Install_MedicineAssistant</defName>
		<label>Install medicine assistant</label>
		<description>Installs a medicine assistant into the sub-core assistant slot of a unit.</description>
		<jobString>Installing medicine assistant.</jobString>
		<ingredients>
			<li>
				<filter>
					<thingDefs>
						<li>ATR_MedicineAssistant</li>
					</thingDefs>
				</filter>
				<count>1</count>
			</li>
		</ingredients>
		<fixedIngredientFilter>
			<thingDefs>
				<li>ATR_MedicineAssistant</li>
			</thingDefs>
		</fixedIngredientFilter>
		<addsHediff>ATR_MedicineAssistant</addsHediff>
	</RecipeDef>

  	<!-- Social Assistant -->

  	<HediffDef ParentName="ATR_AddedBodyPartCoreAssistantBase">
    	<defName>ATR_SocialAssistant</defName>
    	<label>Social assistant</label>
	  	<description>Installed assistant that assists the core intelligence with a number of tasks. This assistant is specialized for social situations. From reading individual body movements and expressions to referencing all known histories of targets, every day negotiations are optimized and analyzed for advancing the core intelligence's ability to handle social situations. Maximizing popularity, infamy, prestige - all are considered viable objectives.</description>
		<stages>
			<li>
				<statOffsets>
					<NegotiationAbility>0.5</NegotiationAbility>
					<SocialImpact>0.5</SocialImpact>
					<PawnBeauty>1</PawnBeauty>
				</statOffsets>
                <statFactors>
					<TradePriceImprovement>1.2</TradePriceImprovement>
					<ArrestSuccessChance>1.2</ArrestSuccessChance>
					<SuppressionPower MayRequire="Ludeon.RimWorld.Ideology">1.2</SuppressionPower>
					<ConversionPower MayRequire="Ludeon.RimWorld.Ideology">1.2</ConversionPower>
                </statFactors>
			</li>
		</stages>
    	<spawnThingOnRemoved>ATR_SocialAssistant</spawnThingOnRemoved>
  	</HediffDef>

  	<ThingDef ParentName="ATR_BodyPartCoreAssistantBase">
		<defName>ATR_SocialAssistant</defName>
		<label>Social assistant</label>
		<description>This sub-core chip assists the core intelligence with a number of tasks. This assistant is specialized for social situations. From reading individual body movements and expressions to referencing all known histories of targets, every day negotiations are optimized and analyzed for advancing the core intelligence's ability to handle social situations. Maximizing popularity, infamy, prestige - all are considered viable objectives.</description>
		<costList>
			<Plasteel>20</Plasteel>
			<ComponentIndustrial>4</ComponentIndustrial>
			<ComponentSpacer>2</ComponentSpacer>
		</costList>
  	</ThingDef>

  	<RecipeDef ParentName="ATR_SurgeryCoreAssistant">
		<defName>ATR_Install_SocialAssistant</defName>
		<label>Install social assistant</label>
		<description>Installs a social assistant into the sub-core assistant slot of a unit.</description>
		<jobString>Installing social assistant.</jobString>
		<ingredients>
			<li>
				<filter>
					<thingDefs>
						<li>ATR_SocialAssistant</li>
					</thingDefs>
				</filter>
				<count>1</count>
			</li>
		</ingredients>
		<fixedIngredientFilter>
			<thingDefs>
				<li>ATR_SocialAssistant</li>
			</thingDefs>
		</fixedIngredientFilter>
		<addsHediff>ATR_SocialAssistant</addsHediff>
	</RecipeDef>

  	<!-- Mental Assistant -->

  	<HediffDef ParentName="ATR_AddedBodyPartCoreAssistantBase">
		<defName>ATR_MentalAssistant</defName>
		<label>Mental assistant</label>
		<description>Installed assistant that assists the core intelligence with a number of tasks. This assistant is specialized for imbuing the core intelligence with a much stronger mental resilience. A suite of individualized sub-routines remove many stressors and unpleasant issues from the intelligence's cognition, while training a greater capacity for overcoming difficult situations. Many mechanical units come to view this device as a trusted friend, and find their own immortal-like existence much more bearable with it safely within them.</description>
		<stages>
			<li>
				<statOffsets>
					<MentalBreakThreshold>-0.1</MentalBreakThreshold>
					<JoyGainFactor>2</JoyGainFactor>
				</statOffsets>
                <statFactors>
					<CertaintyLossFactor MayRequire="Ludeon.RimWorld.Ideology">0.25</CertaintyLossFactor>
                </statFactors>
			</li>
		</stages>
    	<spawnThingOnRemoved>ATR_MentalAssistant</spawnThingOnRemoved>
  	</HediffDef>

  	<ThingDef ParentName="ATR_BodyPartCoreAssistantBase">
		<defName>ATR_MentalAssistant</defName>
		<label>Mental assistant</label>
		<description>This sub-core chip assists the core intelligence with a number of tasks. This assistant is specialized for imbuing the core intelligence with a much stronger mental resilience. A suite of individualized sub-routines remove many stressors and unpleasant issues from the intelligence's cognition, while training a greater capacity for overcoming difficult situations. Many mechanical units come to view this device as a trusted friend, and find their own immortal-like existence much more bearable with it safely within them.</description>
		<costList>
			<Plasteel>20</Plasteel>
			<ComponentIndustrial>4</ComponentIndustrial>
			<ComponentSpacer>2</ComponentSpacer>
    	</costList>
  	</ThingDef>

  	<RecipeDef ParentName="ATR_SurgeryCoreAssistant">
		<defName>ATR_Install_MentalAssistant</defName>
		<label>Install mental assistant</label>
		<description>Installs a mental assistant into the sub-core assistant slot of a unit.</description>
		<jobString>Installing mental assistant.</jobString>
		<ingredients>
			<li>
				<filter>
					<thingDefs>
						<li>ATR_MentalAssistant</li>
					</thingDefs>
				</filter>
				<count>1</count>
			</li>
		</ingredients>
		<fixedIngredientFilter>
			<thingDefs>
				<li>ATR_MentalAssistant</li>
			</thingDefs>
		</fixedIngredientFilter>
		<addsHediff>ATR_MentalAssistant</addsHediff>
	</RecipeDef>

  	<!-- Psychic Assistant -->

  	<HediffDef ParentName="ATR_AddedBodyPartCoreAssistantBase">
		<defName>ATR_PsychicAssistant</defName>
		<label>Psychic assistant</label>
		<description>Installed assistant that assists the core intelligence. This organic assistant is highly psychically attuned, acting as a conduit for the core intelligence to utilize psychic capabilities. Due to the organic nature of the assistant, the core intelligence is unable to fully manipulate it like other parts, and is vulnerable to all that which comes with psychic sensitivity. The assistant consumes a vast amount of energy to sustain itself, leading to greater power consumption overall.</description>
		<stages>
			<li>
                <hungerRateFactor>1.5</hungerRateFactor>
				<statOffsets>
					<PsychicSensitivity>1</PsychicSensitivity>
				</statOffsets>
			</li>
		</stages>
    	<spawnThingOnRemoved>ATR_PsychicAssistant</spawnThingOnRemoved>
  	</HediffDef>

  	<ThingDef ParentName="ATR_BodyPartCoreAssistantBase">
		<defName>ATR_PsychicAssistant</defName>
		<label>Psychic assistant</label>
		<description>This organic component assists the core intelligence. This organic assistant is highly psychically attuned, acting as a conduit for the core intelligence to utilize psychic capabilities. Due to the organic nature of the assistant, the core intelligence is unable to fully manipulate it like other parts, and is vulnerable to all that which comes with psychic sensitivity. The assistant consumes a vast amount of energy to sustain itself, leading to greater power consumption overall.</description>
		<costList>
			<Plasteel>10</Plasteel>
			<Meat_Human>40</Meat_Human>
			<ComponentSpacer>4</ComponentSpacer>
    	</costList>
  	</ThingDef>

  	<RecipeDef ParentName="ATR_SurgeryCoreAssistant">
		<defName>ATR_Install_PsychicAssistant</defName>
		<label>Install psychic assistant</label>
		<description>Installs a psychic assistant into the sub-core assistant slot of a unit.</description>
		<jobString>Installing psychic assistant.</jobString>
		<ingredients>
			<li>
				<filter>
					<thingDefs>
						<li>ATR_PsychicAssistant</li>
					</thingDefs>
				</filter>
				<count>1</count>
			</li>
		</ingredients>
		<fixedIngredientFilter>
			<thingDefs>
				<li>ATR_PsychicAssistant</li>
			</thingDefs>
		</fixedIngredientFilter>
		<addsHediff>ATR_PsychicAssistant</addsHediff>
	</RecipeDef>

    <!-- Controller Assistant -->

    <HediffDef ParentName="ATR_AddedBodyPartCoreAssistantBase">
      <defName>ATR_ControllerAssistant</defName>
      <label>Controller assistant</label>
      <description>Installed assistant that assists the core intelligence. This highly specialized assistant allows for the usage of surrogate processing power to alleviate the burden of controlling surrogates. This assistant allows for connecting to 4 additional surrogates without suffering any penalties. This assistant will only function in surrogate controllers and will do nothing otherwise.</description>
      <stages>
          <li>
              <statOffsets>
                  <ATR_SurrogateLimitBonus>4</ATR_SurrogateLimitBonus>
              </statOffsets>
          </li>
      </stages>
      <spawnThingOnRemoved>ATR_ControllerAssistant</spawnThingOnRemoved>
    </HediffDef>

    <ThingDef ParentName="ATR_BodyPartCoreAssistantBase">
      <defName>ATR_ControllerAssistant</defName>
      <label>Controller assistant</label>
      <description>This organic component assists the core intelligence. This highly specialized assistant allows for the usage of surrogate processing power to alleviate the burden of controlling surrogates. This assistant allows for connecting to 4 additional surrogates without suffering any penalties. This assistant will only function in surrogate controllers and will do nothing otherwise.</description>
      <costList>
        <Plasteel>20</Plasteel>
        <ComponentIndustrial>4</ComponentIndustrial>
        <ComponentSpacer>2</ComponentSpacer>
    </costList>
    </ThingDef>

    <RecipeDef ParentName="ATR_SurgeryCoreAssistant">
      <defName>ATR_Install_ControllerAssistant</defName>
      <label>Install controller assistant</label>
      <description>Installs a controller assistant into the sub-core assistant slot of a unit.</description>
      <jobString>Installing controller assistant.</jobString>
      <ingredients>
          <li>
              <filter>
                  <thingDefs>
                      <li>ATR_ControllerAssistant</li>
                  </thingDefs>
              </filter>
              <count>1</count>
          </li>
      </ingredients>
      <fixedIngredientFilter>
          <thingDefs>
              <li>ATR_ControllerAssistant</li>
          </thingDefs>
      </fixedIngredientFilter>
      <addsHediff>ATR_ControllerAssistant</addsHediff>
  </RecipeDef>

  	<!-- Sapient Assistant (It is de-implemented waiting for future projects.)

  	<HediffDef ParentName="ATR_AddedBodyPartCoreAssistantBase">
		<defName>ATR_SapientAssistant</defName>
		<hediffClass>HediffWithComps</hediffClass>
		<label>Evolving AI</label>
		<description>Installed sapient intelligence that interacts with the core intelligence. This assistant is fully sapient, and will grow wiser and more harmonious with the core intelligence over time, reaching maturity in about three years. As the sub-intelligence is housed within an archotech chip, its intelligence will likely one day exceed its host's. Curiously, this does not seem to bother the captured intelligence. Perhaps it prefers being away from the world. Perhaps it's not truly constrained here at all.</description>
		<maxSeverity>1</maxSeverity>
		<initialSeverity>0.001</initialSeverity>
    	<comps>
      		<li Class="HediffCompProperties_SeverityPerDay">
        		<severityPerDay>0.0055</severityPerDay>
      		</li>
    	</comps>
    	<stages>
			<li>
				<minSeverity>0</minSeverity>
				<label>Nascent Intelligence</label>
			</li>
			<li>
				<minSeverity>0.1</minSeverity>
				<label>Childlike Intelligence</label>
				<capMods>
				<li>
					<capacity>Consciousness</capacity>
					<offset>0.1</offset>
				</li>
				</capMods>
				<statOffsets>
				    <GlobalLearningFactor>0.25</GlobalLearningFactor>
				</statOffsets>
			</li>
			<li>
				<minSeverity>0.3</minSeverity>
				<label>Young Intelligence</label>
				<capMods>
				<li>
					<capacity>Consciousness</capacity>
					<offset>0.25</offset>
				</li>
				</capMods>
				<statOffsets>
				    <GlobalLearningFactor>0.5</GlobalLearningFactor>
				</statOffsets>
			</li>
			<li>
				<minSeverity>0.5</minSeverity>
				<label>Adult Intelligence</label>
				<capMods>
				<li>
					<capacity>Consciousness</capacity>
					<offset>0.5</offset>
				</li>
				</capMods>
				<statOffsets>
				    <GlobalLearningFactor>1</GlobalLearningFactor>
				</statOffsets>
			</li>
			<li>
				<minSeverity>0.7</minSeverity>
				<label>Wise Intelligence</label>
				<capMods>
				<li>
					<capacity>Consciousness</capacity>
					<offset>1</offset>
				</li>
				</capMods>
				<statOffsets>
				    <GlobalLearningFactor>2</GlobalLearningFactor>
				</statOffsets>
			</li>
			<li>
				<minSeverity>0.95</minSeverity>
				<label>Unified Intelligence</label>
				<capMods>
				<li>
					<capacity>Consciousness</capacity>
					<offset>2</offset>
				</li>
				</capMods>
				<statOffsets>
				    <GlobalLearningFactor>4</GlobalLearningFactor>
				</statOffsets>
			</li>
    	</stages>
    	<spawnThingOnRemoved>ATR_SapientAssistant</spawnThingOnRemoved>
  	</HediffDef>

  	Note: This assistant does not derive from the base class! This is to avoid it being manufacturable.
  	<ThingDef ParentName="ATR_MechBodyPartBase">
		<defName>ATR_SapientAssistant</defName>
		<label>Archotech sapient assistant</label>
		<description>This curious device is completely inert when not installed. When it is installed, an infantile intelligence is created that interacts with the core intelligence. This assistant is fully sapient, and will grow wiser and more harmonious with the core intelligence over time. As the sub-intelligence is housed within an archotech chip, its intelligence will likely one day exceed its host's. Curiously, this does not seem to bother the captured intelligence. Perhaps it prefers being away from the world. Perhaps it's not truly constrained here at all. Indeed, if uninstalled, the intelligence simply vanishes. Where does it go?</description>
		<graphicData>
			<texPath>Things/Items/BodyParts/OrganGold</texPath>
			<graphicClass>Graphic_Single</graphicClass>
    	</graphicData>
    	<techLevel>Archotech</techLevel>
		<statBases>
			<MarketValue>3500</MarketValue>
			<Mass>0.5</Mass>
		</statBases>
  	</ThingDef>

  	<RecipeDef ParentName="ATR_SurgeryCoreAssistant">
		<defName>ATR_Install_SapientAssistant</defName>
		<label>Install sapient assistant</label>
		<description>Installs a sapient assistant into the sub-core assistant slot of a unit. This archotech device seems to possess intelligence only when implanted in a mechanical unit. Where does it go when uninstalled?</description>
		<jobString>Installing sapient assistant.</jobString>
		<ingredients>
			<li>
				<filter>
					<thingDefs>
						<li>ATR_SapientAssistant</li>
					</thingDefs>
				</filter>
				<count>1</count>
			</li>
		</ingredients>
		<fixedIngredientFilter>
			<thingDefs>
				<li>ATR_SapientAssistant</li>
			</thingDefs>
		</fixedIngredientFilter>
		<addsHediff>ATR_SapientAssistant</addsHediff>
	</RecipeDef>
    -->

</Defs>